t_s,i_A,v_bank_V
-3.4987500e-03,2.3504,9.654
-3.4962500e-03,0.2736,9.655
-3.4937500e-03,2.0560,9.660
-3.4912500e-03,3.2192,9.652
-3.4887500e-03,2.3504,9.652
-3.4862500e-03,0.7968,9.650
-3.4837500e-03,1.8288,9.652
-3.4812500e-03,3.6928,9.653
-3.4787500e-03,2.5328,9.660
-3.4762500e-03,0.7728,9.652
-3.4737500e-03,1.3520,9.650
-3.4712500e-03,3.3200,9.654
-3.4687500e-03,2.5072,9.658
-3.4662500e-03,1.0944,9.658
-3.4637500e-03,0.7024,9.652
-3.4612500e-03,3.7328,9.664
-3.4587500e-03,2.4048,9.649
-3.4562500e-03,1.7104,9.660
-3.4537500e-03,0.4752,9.651
-3.4512500e-03,3.7408,9.646
-3.4487500e-03,2.5104,9.653
-3.4462500e-03,1.6336,9.651
-3.4437500e-03,-0.1632,9.657
-3.4412500e-03,3.6864,9.652
-3.4387500e-03,2.8656,9.663
-3.4362500e-03,1.9760,9.655
-3.4337500e-03,0.2160,9.660
-3.4312500e-03,3.5248,9.654
-3.4287500e-03,2.7296,9.659
-3.4262500e-03,2.0544,9.659
-3.4237500e-03,0.1744,9.656
-3.4212500e-03,0.2304,9.654
-3.4187500e-03,10.8640,9.669
-3.4162500e-03,-0.4416,9.671
-3.4137500e-03,-5.4768,9.677
-3.4112500e-03,5.1504,9.669
-3.4087500e-03,7.1920,9.659
-3.4062500e-03,-0.7712,9.665
-3.4037500e-03,-1.6832,9.644
-3.4012500e-03,4.6256,9.667
-3.3987500e-03,4.6432,9.664
-3.3962500e-03,0.0880,9.648
-3.3937500e-03,0.2832,9.649
-3.3912500e-03,2.9872,9.656
-3.3887500e-03,3.1488,9.660
-3.3862500e-03,1.0032,9.650
-3.3837500e-03,1.4528,9.661
-3.3812500e-03,2.1888,9.657
-3.3787500e-03,3.3248,9.665
-3.3762500e-03,2.1744,9.647
-3.3737500e-03,1.3712,9.647
-3.3712500e-03,0.7424,9.652
-3.3687500e-03,6.7008,9.696
-3.3662500e-03,-9.6384,9.666
-3.3637500e-03,10.2224,9.677
-3.3612500e-03,7.4496,9.670
-3.3587500e-03,-3.0704,9.644
-3.3562500e-03,-1.7488,9.661
-3.3537500e-03,7.4496,9.656
-3.3512500e-03,2.0592,9.657
-3.3487500e-03,-0.8352,9.657
-3.3462500e-03,2.2560,9.659
-3.3437500e-03,4.8224,9.654
-3.3412500e-03,-0.6032,9.656
-3.3387500e-03,1.4416,9.663
-3.3362500e-03,3.4288,9.656
-3.3337500e-03,3.0400,9.647
-3.3312500e-03,-0.6128,9.660
-3.3287500e-03,2.3024,9.658
-3.3262500e-03,3.6336,9.650
-3.3237500e-03,2.2096,9.655
-3.3212500e-03,-0.0160,9.650
-3.3187500e-03,2.4448,9.647
-3.3162500e-03,2.8640,9.654
-3.3137500e-03,2.3056,9.650
-3.3112500e-03,0.2480,9.645
-3.3087500e-03,1.8928,9.656
-3.3062500e-03,3.5312,9.656
-3.3037500e-03,2.3808,9.650
-3.3012500e-03,0.7136,9.651
-3.2987500e-03,1.2976,9.653
-3.2962500e-03,3.5232,9.658
-3.2937500e-03,2.2704,9.651
-3.2912500e-03,0.9504,9.643
-3.2887500e-03,0.9904,9.658
-3.2862500e-03,3.4496,9.646
-3.2837500e-03,2.3696,9.662
-3.2812500e-03,1.1984,9.656
-3.2787500e-03,0.9472,9.657
-3.2762500e-03,3.5872,9.653
-3.2737500e-03,2.9248,9.657
-3.2712500e-03,1.2176,9.652
-3.2687500e-03,0.1408,9.654
-3.2662500e-03,3.5344,9.659
-3.2637500e-03,2.4176,9.661
-3.2612500e-03,1.7856,9.656
-3.2587500e-03,0.2432,9.660
-3.2562500e-03,3.9184,9.660
-3.2537500e-03,2.5680,9.657
-3.2512500e-03,1.9264,9.654
-3.2487500e-03,-0.1120,9.648
-3.2462500e-03,3.1552,9.654
-3.2437500e-03,2.6832,9.652
-3.2412500e-03,2.1184,9.652
-3.2387500e-03,0.1088,9.655
-3.2362500e-03,2.6736,9.649
-3.2337500e-03,2.9744,9.652
-3.2312500e-03,2.1648,9.655
-3.2287500e-03,0.5312,9.649
-3.2262500e-03,2.4112,9.641
-3.2237500e-03,3.0432,9.644
-3.2212500e-03,2.4752,9.652
-3.2187500e-03,0.4096,9.657
-3.2162500e-03,1.7440,9.658
-3.2137500e-03,3.2048,9.647
-3.2112500e-03,2.1552,9.651
-3.2087500e-03,1.0240,9.658
-3.2062500e-03,1.5344,9.659
-3.2037500e-03,3.3840,9.658
-3.2012500e-03,2.4784,9.652
-3.1987500e-03,1.2112,9.658
-3.1962500e-03,1.0512,9.654
-3.1937500e-03,3.5264,9.659
-3.1912500e-03,2.4128,9.650
-3.1887500e-03,1.1248,9.648
-3.1862500e-03,0.7984,9.655
-3.1837500e-03,3.3872,9.653
-3.1812500e-03,2.6176,9.647
-3.1787500e-03,1.5808,9.650
-3.1762500e-03,0.2960,9.658
-3.1737500e-03,3.7728,9.651
-3.1712500e-03,2.5728,9.662
-3.1687500e-03,1.7440,9.659
-3.1662500e-03,-0.1632,9.648
-3.1637500e-03,3.6224,9.657
-3.1612500e-03,2.4576,9.657
-3.1587500e-03,1.7072,9.653
-3.1562500e-03,-0.0512,9.651
-3.1537500e-03,3.2496,9.665
-3.1512500e-03,2.7152,9.666
-3.1487500e-03,2.1456,9.650
-3.1462500e-03,0.0848,9.654
-3.1437500e-03,2.8304,9.664
-3.1412500e-03,2.7872,9.651
-3.1387500e-03,2.0832,9.658
-3.1362500e-03,0.3648,9.658
-3.1337500e-03,2.0192,9.639
-3.1312500e-03,3.0944,9.654
-3.1287500e-03,1.8976,9.650
-3.1262500e-03,0.6896,9.649
-3.1237500e-03,1.8592,9.652
-3.1212500e-03,3.1440,9.652
-3.1187500e-03,2.6064,9.659
-3.1162500e-03,0.7936,9.656
-3.1137500e-03,1.2112,9.658
-3.1112500e-03,3.4144,9.654
-3.1087500e-03,2.3888,9.655
-3.1062500e-03,0.9440,9.660
-3.1037500e-03,0.9984,9.660
-3.1012500e-03,3.6576,9.655
-3.0987500e-03,2.3536,9.660
-3.0962500e-03,1.0992,9.647
-3.0937500e-03,0.4080,9.656
-3.0912500e-03,3.6256,9.651
-3.0887500e-03,2.4368,9.650
-3.0862500e-03,1.2928,9.659
-3.0837500e-03,0.0736,9.646
-3.0812500e-03,3.8944,9.646
-3.0787500e-03,2.5760,9.663
-3.0762500e-03,1.4496,9.661
-3.0737500e-03,0.2016,9.655
-3.0712500e-03,3.4240,9.649
-3.0687500e-03,2.5248,9.650
-3.0662500e-03,1.9488,9.657
-3.0637500e-03,-0.2000,9.651
-3.0612500e-03,2.9424,9.648
-3.0587500e-03,2.6400,9.647
-3.0562500e-03,2.0912,9.645
-3.0537500e-03,0.1232,9.651
-3.0512500e-03,2.7552,9.660
-3.0487500e-03,3.1024,9.652
-3.0462500e-03,2.1280,9.658
-3.0437500e-03,-0.0080,9.657
-3.0412500e-03,2.2096,9.651
-3.0387500e-03,3.1600,9.642
-3.0362500e-03,1.8752,9.661
-3.0337500e-03,0.7952,9.646
-3.0312500e-03,1.5328,9.645
-3.0287500e-03,3.4176,9.649
-3.0262500e-03,2.4928,9.655
-3.0237500e-03,0.7232,9.659
-3.0212500e-03,1.6416,9.660
-3.0187500e-03,3.3744,9.667
-3.0162500e-03,2.4480,9.663
-3.0137500e-03,0.8416,9.650
-3.0112500e-03,1.0896,9.660
-3.0087500e-03,3.3008,9.651
-3.0062500e-03,2.5920,9.652
-3.0037500e-03,1.1792,9.661
-3.0012500e-03,0.4752,9.657
-2.9987500e-03,3.6960,9.664
-2.9962500e-03,2.4656,9.663
-2.9937500e-03,1.6608,9.661
-2.9912500e-03,-0.0096,9.644
-2.9887500e-03,3.6912,9.657
-2.9862500e-03,2.5616,9.641
-2.9837500e-03,1.5216,9.659
-2.9812500e-03,-0.2256,9.646
-2.9787500e-03,3.7648,9.654
-2.9762500e-03,2.6864,9.651
-2.9737500e-03,1.8752,9.655
-2.9712500e-03,0.1744,9.655
-2.9687500e-03,3.2176,9.653
-2.9662500e-03,2.4560,9.654
-2.9637500e-03,2.1920,9.652
-2.9612500e-03,0.0608,9.646
-2.9587500e-03,2.7840,9.654
-2.9562500e-03,2.9280,9.657
-2.9537500e-03,2.2032,9.656
-2.9512500e-03,0.4880,9.645
-2.9487500e-03,2.2912,9.655
-2.9462500e-03,3.2272,9.654
-2.9437500e-03,2.1984,9.661
-2.9412500e-03,0.8304,9.651
-2.9387500e-03,1.6960,9.657
-2.9362500e-03,3.1856,9.656
-2.9337500e-03,2.2704,9.657
-2.9312500e-03,0.7264,9.660
-2.9287500e-03,1.2992,9.650
-2.9262500e-03,3.4448,9.646
-2.9237500e-03,2.4080,9.650
-2.9212500e-03,0.8368,9.656
-2.9187500e-03,0.9840,9.646
-2.9162500e-03,3.4992,9.656
-2.9137500e-03,2.1408,9.659
-2.9112500e-03,1.2272,9.646
-2.9087500e-03,0.4592,9.661
-2.9062500e-03,3.6880,9.652
-2.9037500e-03,2.3744,9.665
-2.9012500e-03,1.6000,9.654
-2.8987500e-03,0.1648,9.655
-2.8962500e-03,3.6672,9.651
-2.8937500e-03,2.5104,9.652
-2.8912500e-03,1.4432,9.666
-2.8887500e-03,0.1376,9.661
-2.8862500e-03,3.7024,9.659
-2.8837500e-03,1.9456,9.653
-2.8812500e-03,2.0832,9.657
-2.8787500e-03,-0.1328,9.651
-2.8762500e-03,3.2352,9.655
-2.8737500e-03,2.7440,9.665
-2.8712500e-03,1.9744,9.647
-2.8687500e-03,0.1728,9.649
-2.8662500e-03,2.6208,9.649
-2.8637500e-03,2.6608,9.658
-2.8612500e-03,2.0160,9.659
-2.8587500e-03,0.3312,9.662
-2.8562500e-03,2.2384,9.665
-2.8537500e-03,3.1184,9.655
-2.8512500e-03,2.1296,9.645
-2.8487500e-03,0.5264,9.654
-2.8462500e-03,1.9312,9.650
-2.8437500e-03,3.0112,9.659
-2.8412500e-03,2.3616,9.648
-2.8387500e-03,0.6976,9.654
-2.8362500e-03,1.3072,9.637
-2.8337500e-03,3.0768,9.646
-2.8312500e-03,2.2848,9.663
-2.8287500e-03,1.1792,9.654
-2.8262500e-03,0.7248,9.648
-2.8237500e-03,3.6800,9.664
-2.8212500e-03,2.2992,9.648
-2.8187500e-03,1.2848,9.653
-2.8162500e-03,0.5616,9.658
-2.8137500e-03,3.7440,9.666
-2.8112500e-03,2.4752,9.656
-2.8087500e-03,1.3680,9.648
-2.8062500e-03,0.3376,9.655
-2.8037500e-03,3.7312,9.668
-2.8012500e-03,2.7264,9.649
-2.7987500e-03,1.5936,9.652
-2.7962500e-03,-0.0928,9.646
-2.7937500e-03,3.7136,9.656
-2.7912500e-03,2.3936,9.649
-2.7887500e-03,1.9664,9.650
-2.7862500e-03,-0.2480,9.651
-2.7837500e-03,3.3472,9.654
-2.7812500e-03,2.5280,9.653
-2.7787500e-03,2.2720,9.644
-2.7762500e-03,0.2528,9.657
-2.7737500e-03,2.6704,9.656
-2.7712500e-03,3.2864,9.660
-2.7687500e-03,2.0448,9.644
-2.7662500e-03,0.4080,9.648
-2.7637500e-03,2.2544,9.652
-2.7612500e-03,2.8768,9.649
-2.7587500e-03,2.3584,9.658
-2.7562500e-03,0.6496,9.660
-2.7537500e-03,1.8864,9.652
-2.7512500e-03,3.3296,9.663
-2.7487500e-03,2.5984,9.653
-2.7462500e-03,0.8640,9.651
-2.7437500e-03,1.0896,9.655
-2.7412500e-03,3.5344,9.664
-2.7387500e-03,2.4160,9.659
-2.7362500e-03,0.7872,9.661
-2.7337500e-03,0.9952,9.657
-2.7312500e-03,3.5792,9.657
-2.7287500e-03,2.3616,9.650
-2.7262500e-03,1.3056,9.649
-2.7237500e-03,0.2128,9.645
-2.7212500e-03,3.7552,9.652
-2.7187500e-03,2.5552,9.648
-2.7162500e-03,1.2912,9.660
-2.7137500e-03,0.0240,9.648
-2.7112500e-03,3.7856,9.651
-2.7087500e-03,2.4912,9.653
-2.7062500e-03,1.7136,9.656
-2.7037500e-03,0.0272,9.645
-2.7012500e-03,3.6304,9.645
-2.6987500e-03,2.4864,9.643
-2.6962500e-03,2.1344,9.655
-2.6937500e-03,0.0784,9.656
-2.6912500e-03,2.9904,9.658
-2.6887500e-03,2.8896,9.646
-2.6862500e-03,1.9440,9.653
-2.6837500e-03,0.3952,9.655
-2.6812500e-03,2.7472,9.660
-2.6787500e-03,2.9520,9.656
-2.6762500e-03,2.2576,9.656
-2.6737500e-03,0.3856,9.659
-2.6712500e-03,2.1456,9.659
-2.6687500e-03,3.3392,9.650
-2.6662500e-03,2.2352,9.650
-2.6637500e-03,0.4704,9.652
-2.6612500e-03,1.5984,9.651
-2.6587500e-03,3.4896,9.655
-2.6562500e-03,2.1744,9.645
-2.6537500e-03,0.8976,9.651
-2.6512500e-03,1.2240,9.660
-2.6487500e-03,3.5488,9.646
-2.6462500e-03,2.4336,9.668
-2.6437500e-03,1.1472,9.659
-2.6412500e-03,0.7712,9.654
-2.6387500e-03,3.6272,9.652
-2.6362500e-03,2.4048,9.658
-2.6337500e-03,1.4416,9.651
-2.6312500e-03,0.4352,9.656
-2.6287500e-03,3.7328,9.672
-2.6262500e-03,2.7440,9.661
-2.6237500e-03,1.3984,9.650
-2.6212500e-03,-0.1008,9.661
-2.6187500e-03,4.0768,9.658
-2.6162500e-03,2.8352,9.654
-2.6137500e-03,1.6368,9.654
-2.6112500e-03,-0.0240,9.664
-2.6087500e-03,3.3744,9.632
-2.6062500e-03,2.6144,9.651
-2.6037500e-03,2.1648,9.653
-2.6012500e-03,0.0672,9.649
-2.5987500e-03,3.3344,9.652
-2.5962500e-03,2.7280,9.659
-2.5937500e-03,2.2288,9.662
-2.5912500e-03,0.2096,9.651
-2.5887500e-03,2.5232,9.652
-2.5862500e-03,3.2336,9.662
-2.5837500e-03,1.8416,9.665
-2.5812500e-03,0.9040,9.661
-2.5787500e-03,1.9824,9.653
-2.5762500e-03,3.1728,9.666
-2.5737500e-03,2.2544,9.646
-2.5712500e-03,0.7696,9.656
-2.5687500e-03,1.5472,9.652
-2.5662500e-03,3.3824,9.654
-2.5637500e-03,2.5424,9.656
-2.5612500e-03,0.6368,9.657
-2.5587500e-03,1.1312,9.644
-2.5562500e-03,3.6832,9.660
-2.5537500e-03,2.4432,9.653
-2.5512500e-03,1.1040,9.669
-2.5487500e-03,0.7792,9.651
-2.5462500e-03,3.5904,9.644
-2.5437500e-03,2.2736,9.653
-2.5412500e-03,1.5824,9.665
-2.5387500e-03,-0.7552,9.643
-2.5362500e-03,4.0080,9.645
-2.5337500e-03,2.7088,9.651
-2.5312500e-03,1.5200,9.650
-2.5287500e-03,-0.0928,9.652
-2.5262500e-03,3.8064,9.652
-2.5237500e-03,2.9584,9.654
-2.5212500e-03,1.5056,9.660
-2.5187500e-03,-0.7904,9.652
-2.5162500e-03,3.8624,9.650
-2.5137500e-03,2.3328,9.659
-2.5112500e-03,3.6992,9.657
-2.5087500e-03,-0.6208,9.651
-2.5062500e-03,0.7392,9.643
-2.5037500e-03,4.3568,9.654
-2.5012500e-03,3.5936,9.661
-2.4987500e-03,-2.7632,9.656
-2.4962500e-03,3.5792,9.659
-2.4937500e-03,5.2096,9.667
-2.4912500e-03,0.8880,9.660
-2.4887500e-03,-0.4064,9.653
-2.4862500e-03,3.0336,9.654
-2.4837500e-03,2.8912,9.644
-2.4812500e-03,1.0928,9.657
-2.4787500e-03,1.9504,9.665
-2.4762500e-03,1.4016,9.653
-2.4737500e-03,3.2000,9.664
-2.4712500e-03,2.6368,9.665
-2.4687500e-03,0.2752,9.649
-2.4662500e-03,0.9888,9.651
-2.4637500e-03,5.5216,9.659
-2.4612500e-03,0.7616,9.644
-2.4587500e-03,-1.1104,9.659
-2.4562500e-03,2.0608,9.656
-2.4537500e-03,5.5952,9.652
-2.4512500e-03,0.9072,9.655
-2.4487500e-03,0.5120,9.651
-2.4462500e-03,1.7872,9.655
-2.4437500e-03,3.7504,9.657
-2.4412500e-03,1.1920,9.645
-2.4387500e-03,3.2752,9.659
-2.4362500e-03,-2.0624,9.648
-2.4337500e-03,3.3216,9.653
-2.4312500e-03,4.5200,9.657
-2.4287500e-03,2.2544,9.661
-2.4262500e-03,-3.0048,9.644
-2.4237500e-03,8.3056,9.659
-2.4212500e-03,1.7872,9.649
-2.4187500e-03,-2.0912,9.659
-2.4162500e-03,1.6000,9.657
-2.4137500e-03,5.4832,9.657
-2.4112500e-03,0.2288,9.658
-2.4087500e-03,1.1712,9.652
-2.4062500e-03,1.7248,9.660
-2.4037500e-03,3.3664,9.645
-2.4012500e-03,2.0320,9.651
-2.3987500e-03,1.7424,9.645
-2.3962500e-03,1.5952,9.657
-2.3937500e-03,1.6912,9.654
-2.3912500e-03,2.1616,9.657
-2.3887500e-03,2.9616,9.653
-2.3862500e-03,0.7728,9.657
-2.3837500e-03,2.8064,9.660
-2.3812500e-03,2.7856,9.652
-2.3787500e-03,1.0208,9.664
-2.3762500e-03,1.6048,9.651
-2.3737500e-03,2.6288,9.659
-2.3712500e-03,2.4144,9.650
-2.3687500e-03,1.0976,9.647
-2.3662500e-03,2.3408,9.675
-2.3637500e-03,1.2192,9.658
-2.3612500e-03,3.5472,9.654
-2.3587500e-03,1.8256,9.654
-2.3562500e-03,1.4944,9.648
-2.3537500e-03,0.4416,9.660
-2.3512500e-03,3.4432,9.656
-2.3487500e-03,3.1632,9.665
-2.3462500e-03,1.8608,9.649
-2.3437500e-03,-0.7936,9.652
-2.3412500e-03,3.5296,9.653
-2.3387500e-03,3.0608,9.650
-2.3362500e-03,3.6576,9.670
-2.3337500e-03,-2.1856,9.660
-2.3312500e-03,1.8384,9.661
-2.3287500e-03,4.3392,9.651
-2.3262500e-03,3.8320,9.652
-2.3237500e-03,-1.7232,9.654
-2.3212500e-03,2.1936,9.652
-2.3187500e-03,4.5504,9.660
-2.3162500e-03,1.6240,9.645
-2.3137500e-03,-0.8144,9.659
-2.3112500e-03,3.9232,9.636
-2.3087500e-03,1.2064,9.658
-2.3062500e-03,1.5872,9.659
-2.3037500e-03,2.5632,9.657
-2.3012500e-03,1.8064,9.650
-2.2987500e-03,1.5168,9.656
-2.2962500e-03,2.9872,9.653
-2.2937500e-03,1.5920,9.657
-2.2912500e-03,0.0816,9.655
-2.2887500e-03,3.0624,9.656
-2.2862500e-03,3.4464,9.651
-2.2837500e-03,-0.7328,9.658
-2.2812500e-03,1.9408,9.659
-2.2787500e-03,5.0752,9.665
-2.2762500e-03,0.4960,9.649
-2.2737500e-03,0.7648,9.647
-2.2712500e-03,2.2640,9.650
-2.2687500e-03,2.8480,9.652
-2.2662500e-03,1.4976,9.648
-2.2637500e-03,2.1056,9.653
-2.2612500e-03,0.2416,9.650
-2.2587500e-03,2.8992,9.658
-2.2562500e-03,3.7456,9.650
-2.2537500e-03,1.8560,9.650
-2.2512500e-03,-2.0096,9.652
-2.2487500e-03,4.8976,9.654
-2.2462500e-03,3.4768,9.664
-2.2437500e-03,-2.9696,9.638
-2.2412500e-03,4.0896,9.659
-2.2387500e-03,5.2784,9.653
-2.2362500e-03,-0.5968,9.663
-2.2337500e-03,1.8880,9.647
-2.2312500e-03,2.6272,9.665
-2.2287500e-03,1.7136,9.653
-2.2262500e-03,0.4928,9.657
-2.2237500e-03,4.0176,9.654
-2.2212500e-03,1.1648,9.651
-2.2187500e-03,0.8528,9.658
-2.2162500e-03,3.0288,9.665
-2.2137500e-03,2.7568,9.657
-2.2112500e-03,0.3040,9.665
-2.2087500e-03,3.4640,9.662
-2.2062500e-03,1.4336,9.655
-2.2037500e-03,0.8144,9.652
-2.2012500e-03,2.1184,9.648
-2.1987500e-03,2.7024,9.640
-2.1962500e-03,1.1856,9.661
-2.1937500e-03,2.8528,9.646
-2.1912500e-03,2.0656,9.664
-2.1887500e-03,0.1504,9.651
-2.1862500e-03,2.8208,9.643
-2.1837500e-03,3.9664,9.656
-2.1812500e-03,-0.4976,9.651
-2.1787500e-03,-0.0800,9.645
-2.1762500e-03,5.7904,9.649
-2.1737500e-03,2.3568,9.641
-2.1712500e-03,0.5168,9.660
-2.1687500e-03,0.7568,9.655
-2.1662500e-03,3.8800,9.653
-2.1637500e-03,2.1040,9.647
-2.1612500e-03,1.7584,9.659
-2.1587500e-03,0.2880,9.652
-2.1562500e-03,2.4096,9.661
-2.1537500e-03,3.4720,9.653
-2.1512500e-03,2.8976,9.658
-2.1487500e-03,-0.5680,9.658
-2.1462500e-03,2.1936,9.657
-2.1437500e-03,3.7504,9.654
-2.1412500e-03,2.7568,9.643
-2.1387500e-03,-1.2624,9.651
-2.1362500e-03,2.1088,9.658
-2.1337500e-03,4.0896,9.650
-2.1312500e-03,2.3088,9.650
-2.1287500e-03,0.0368,9.655
-2.1262500e-03,2.0752,9.657
-2.1237500e-03,2.5248,9.652
-2.1212500e-03,2.2272,9.667
-2.1187500e-03,1.4928,9.654
-2.1162500e-03,1.4128,9.655
-2.1137500e-03,2.1280,9.654
-2.1112500e-03,2.8144,9.657
-2.1087500e-03,1.4128,9.646
-2.1062500e-03,1.6512,9.654
-2.1037500e-03,2.4224,9.676
-2.1012500e-03,2.2032,9.647
-2.0987500e-03,0.7696,9.656
-2.0962500e-03,1.2192,9.659
-2.0937500e-03,4.0320,9.655
-2.0912500e-03,2.1904,9.655
-2.0887500e-03,0.4624,9.656
-2.0862500e-03,0.6144,9.645
-2.0837500e-03,3.7152,9.643
-2.0812500e-03,3.7408,9.653
-2.0787500e-03,-0.7888,9.655
-2.0762500e-03,-0.5120,9.644
-2.0737500e-03,4.7168,9.653
-2.0712500e-03,3.8816,9.662
-2.0687500e-03,0.2304,9.663
-2.0662500e-03,-0.6960,9.647
-2.0637500e-03,4.8368,9.658
-2.0612500e-03,2.6384,9.656
-2.0587500e-03,0.6240,9.653
-2.0562500e-03,0.9216,9.664
-2.0537500e-03,2.3472,9.648
-2.0512500e-03,2.4944,9.662
-2.0487500e-03,2.2864,9.652
-2.0462500e-03,1.1616,9.651
-2.0437500e-03,1.7008,9.654
-2.0412500e-03,2.9408,9.653
-2.0387500e-03,2.6032,9.654
-2.0362500e-03,0.4288,9.649
-2.0337500e-03,0.5200,9.646
-2.0312500e-03,4.1632,9.657
-2.0287500e-03,2.8112,9.661
-2.0262500e-03,0.1056,9.664
-2.0237500e-03,2.0288,9.653
-2.0212500e-03,3.2912,9.645
-2.0187500e-03,2.0048,9.657
-2.0162500e-03,2.7488,9.667
-2.0137500e-03,-1.5728,9.644
-2.0112500e-03,4.0896,9.639
-2.0087500e-03,4.2528,9.652
-2.0062500e-03,-0.0224,9.653
-2.0037500e-03,-0.2656,9.655
-2.0012500e-03,5.0288,9.656
-1.9987500e-03,2.8032,9.653
-1.9962500e-03,0.3168,9.660
-1.9937500e-03,0.5008,9.645
-1.9912500e-03,4.0528,9.655
-1.9887500e-03,-1.3904,9.650
-1.9862500e-03,6.9328,9.660
-1.9837500e-03,1.0784,9.652
-1.9812500e-03,-0.2992,9.644
-1.9787500e-03,4.2432,9.652
-1.9762500e-03,3.4048,9.663
-1.9737500e-03,-2.5072,9.660
-1.9712500e-03,2.8016,9.659
-1.9687500e-03,5.4144,9.667
-1.9662500e-03,1.4688,9.654
-1.9637500e-03,-1.4096,9.651
-1.9612500e-03,4.3472,9.653
-1.9587500e-03,3.0048,9.647
-1.9562500e-03,1.3776,9.664
-1.9537500e-03,0.2960,9.656
-1.9512500e-03,3.4848,9.658
-1.9487500e-03,2.8000,9.663
-1.9462500e-03,2.8928,9.663
-1.9437500e-03,-0.8032,9.646
-1.9412500e-03,-3.5952,9.656
-1.9387500e-03,13.7984,9.683
-1.9362500e-03,4.6048,9.683
-1.9337500e-03,-9.8736,9.668
-1.9312500e-03,2.3040,9.665
-1.9287500e-03,11.4800,9.666
-1.9262500e-03,0.2544,9.665
-1.9237500e-03,-4.6112,9.649
-1.9212500e-03,4.8640,9.667
-1.9187500e-03,6.3568,9.664
-1.9162500e-03,-0.5056,9.649
-1.9137500e-03,-0.1424,9.652
-1.9112500e-03,2.9216,9.651
-1.9087500e-03,4.1152,9.653
-1.9062500e-03,1.1392,9.654
-1.9037500e-03,0.9648,9.655
-1.9012500e-03,1.4800,9.645
-1.8987500e-03,3.6752,9.657
-1.8962500e-03,3.2320,9.653
-1.8937500e-03,0.1856,9.656
-1.8912500e-03,1.2960,9.655
-1.8887500e-03,3.7808,9.663
-1.8862500e-03,2.4320,9.654
-1.8837500e-03,2.0912,9.658
-1.8812500e-03,-0.9072,9.654
-1.8787500e-03,4.7264,9.644
-1.8762500e-03,2.8400,9.654
-1.8737500e-03,1.1760,9.653
-1.8712500e-03,0.0496,9.655
-1.8687500e-03,3.9712,9.645
-1.8662500e-03,2.3824,9.661
-1.8637500e-03,1.7072,9.652
-1.8612500e-03,0.7488,9.658
-1.8587500e-03,3.0800,9.653
-1.8562500e-03,2.7392,9.652
-1.8537500e-03,2.0528,9.660
-1.8512500e-03,0.6288,9.651
-1.8487500e-03,2.4208,9.658
-1.8462500e-03,4.1792,9.648
-1.8437500e-03,0.6704,9.649
-1.8412500e-03,1.5280,9.675
-1.8387500e-03,1.5824,9.658
-1.8362500e-03,3.2416,9.651
-1.8337500e-03,2.3200,9.657
-1.8312500e-03,-0.2080,9.646
-1.8287500e-03,2.8960,9.659
-1.8262500e-03,3.5936,9.659
-1.8237500e-03,1.0832,9.651
-1.8212500e-03,1.2864,9.650
-1.8187500e-03,1.9552,9.650
-1.8162500e-03,3.0016,9.651
-1.8137500e-03,1.9568,9.651
-1.8112500e-03,1.7776,9.664
-1.8087500e-03,1.0064,9.660
-1.8062500e-03,3.2336,9.669
-1.8037500e-03,2.6336,9.643
-1.8012500e-03,1.5184,9.645
-1.7987500e-03,0.2336,9.653
-1.7962500e-03,4.8224,9.660
-1.7937500e-03,1.2128,9.662
-1.7912500e-03,2.2656,9.643
-1.7887500e-03,-0.3632,9.651
-1.7862500e-03,4.1456,9.637
-1.7837500e-03,2.9488,9.663
-1.7812500e-03,0.5488,9.655
-1.7787500e-03,1.1680,9.654
-1.7762500e-03,4.0320,9.651
-1.7737500e-03,1.4576,9.659
-1.7712500e-03,1.9696,9.656
-1.7687500e-03,1.1328,9.651
-1.7662500e-03,2.5376,9.663
-1.7637500e-03,2.2336,9.656
-1.7612500e-03,2.4768,9.651
-1.7587500e-03,0.6432,9.654
-1.7562500e-03,1.9264,9.657
-1.7537500e-03,3.1856,9.654
-1.7512500e-03,2.1728,9.654
-1.7487500e-03,0.6224,9.650
-1.7462500e-03,2.9440,9.649
-1.7437500e-03,1.7792,9.653
-1.7412500e-03,2.9952,9.646
-1.7387500e-03,0.2896,9.649
-1.7362500e-03,1.7136,9.652
-1.7337500e-03,3.5776,9.655
-1.7312500e-03,1.2128,9.643
-1.7287500e-03,1.8160,9.647
-1.7262500e-03,1.6272,9.654
-1.7237500e-03,2.3808,9.655
-1.7212500e-03,2.5024,9.652
-1.7187500e-03,2.1664,9.641
-1.7162500e-03,0.2064,9.657
-1.7137500e-03,3.1616,9.648
-1.7112500e-03,2.9920,9.663
-1.7087500e-03,1.4448,9.650
-1.7062500e-03,-0.0544,9.661
-1.7037500e-03,3.7024,9.652
-1.7012500e-03,2.7152,9.654
-1.6987500e-03,1.4352,9.654
-1.6962500e-03,0.8512,9.655
-1.6937500e-03,2.6352,9.661
-1.6912500e-03,3.1552,9.655
-1.6887500e-03,1.6320,9.654
-1.6862500e-03,0.3888,9.662
-1.6837500e-03,3.6400,9.660
-1.6812500e-03,1.4496,9.657
-1.6787500e-03,2.9552,9.652
-1.6762500e-03,0.8704,9.651
-1.6737500e-03,1.7424,9.642
-1.6712500e-03,2.6576,9.653
-1.6687500e-03,2.7712,9.652
-1.6662500e-03,0.0176,9.654
-1.6637500e-03,1.9088,9.646
-1.6612500e-03,3.7280,9.653
-1.6587500e-03,2.2624,9.657
-1.6562500e-03,0.2816,9.647
-1.6537500e-03,2.1392,9.645
-1.6512500e-03,3.2624,9.643
-1.6487500e-03,2.0864,9.646
-1.6462500e-03,1.4576,9.657
-1.6437500e-03,0.6496,9.660
-1.6412500e-03,3.9456,9.650
-1.6387500e-03,2.1792,9.649
-1.6362500e-03,1.1312,9.656
-1.6337500e-03,1.0192,9.657
-1.6312500e-03,2.9216,9.657
-1.6287500e-03,3.2352,9.657
-1.6262500e-03,1.7680,9.662
-1.6237500e-03,-0.6576,9.655
-1.6212500e-03,3.6960,9.657
-1.6187500e-03,3.3840,9.649
-1.6162500e-03,0.8640,9.651
-1.6137500e-03,-0.1920,9.653
-1.6112500e-03,4.2224,9.655
-1.6087500e-03,2.6992,9.650
-1.6062500e-03,1.0704,9.651
-1.6037500e-03,-0.0368,9.654
-1.6012500e-03,4.2016,9.654
-1.5987500e-03,2.3760,9.658
-1.5962500e-03,2.5184,9.663
-1.5937500e-03,-0.8640,9.653
-1.5912500e-03,3.9200,9.658
-1.5887500e-03,2.3472,9.654
-1.5862500e-03,2.3408,9.653
-1.5837500e-03,-0.0928,9.648
-1.5812500e-03,2.2016,9.656
-1.5787500e-03,3.9632,9.675
-1.5762500e-03,2.2736,9.652
-1.5737500e-03,-0.9664,9.650
-1.5712500e-03,2.8416,9.663
-1.5687500e-03,3.8160,9.649
-1.5662500e-03,1.4432,9.661
-1.5637500e-03,0.3328,9.652
-1.5612500e-03,2.5440,9.641
-1.5587500e-03,3.2320,9.651
-1.5562500e-03,1.9424,9.651
-1.5537500e-03,0.7920,9.652
-1.5512500e-03,1.8528,9.646
-1.5487500e-03,3.1920,9.651
-1.5462500e-03,2.8576,9.662
-1.5437500e-03,0.0736,9.654
-1.5412500e-03,1.5504,9.658
-1.5387500e-03,3.0464,9.652
-1.5362500e-03,2.7088,9.654
-1.5337500e-03,0.9872,9.655
-1.5312500e-03,-0.1472,9.659
-1.5287500e-03,4.7424,9.654
-1.5262500e-03,2.4304,9.666
-1.5237500e-03,-0.1504,9.645
-1.5212500e-03,0.8192,9.651
-1.5187500e-03,4.5264,9.652
-1.5162500e-03,1.9056,9.656
-1.5137500e-03,1.1632,9.651
-1.5112500e-03,0.5632,9.651
-1.5087500e-03,3.8672,9.652
-1.5062500e-03,2.0176,9.660
-1.5037500e-03,1.6448,9.662
-1.5012500e-03,0.4304,9.658
-1.4987500e-03,3.1728,9.648
-1.4962500e-03,2.2208,9.648
-1.4937500e-03,2.1232,9.657
-1.4912500e-03,0.4384,9.654
-1.4887500e-03,2.3216,9.642
-1.4862500e-03,3.5728,9.651
-1.4837500e-03,1.3760,9.645
-1.4812500e-03,0.0112,9.652
-1.4787500e-03,3.8288,9.656
-1.4762500e-03,2.2144,9.653
-1.4737500e-03,0.8960,9.653
-1.4712500e-03,1.5344,9.660
-1.4687500e-03,2.3136,9.649
-1.4662500e-03,2.4240,9.644
-1.4637500e-03,2.3456,9.656
-1.4612500e-03,1.1760,9.643
-1.4587500e-03,1.5392,9.649
-1.4562500e-03,3.0208,9.646
-1.4537500e-03,2.4128,9.654
-1.4512500e-03,0.8944,9.659
-1.4487500e-03,0.9360,9.657
-1.4462500e-03,3.4032,9.658
-1.4437500e-03,2.5632,9.664
-1.4412500e-03,1.2064,9.650
-1.4387500e-03,0.2544,9.656
-1.4362500e-03,4.4832,9.651
-1.4337500e-03,1.2256,9.652
-1.4312500e-03,1.2976,9.661
-1.4287500e-03,1.9024,9.659
-1.4262500e-03,2.5216,9.657
-1.4237500e-03,1.6832,9.665
-1.4212500e-03,2.7904,9.661
-1.4187500e-03,0.0816,9.645
-1.4162500e-03,2.8752,9.656
-1.4137500e-03,2.7680,9.645
-1.4112500e-03,2.2432,9.652
-1.4087500e-03,-0.3184,9.654
-1.4062500e-03,3.4176,9.648
-1.4037500e-03,2.6000,9.654
-1.4012500e-03,2.2592,9.652
-1.3987500e-03,-0.3184,9.653
-1.3962500e-03,3.0672,9.657
-1.3937500e-03,3.5424,9.653
-1.3912500e-03,1.4752,9.648
-1.3887500e-03,-0.2320,9.647
-1.3862500e-03,3.0496,9.651
-1.3837500e-03,2.2448,9.651
-1.3812500e-03,3.1920,9.660
-1.3787500e-03,0.6624,9.649
-1.3762500e-03,0.5664,9.649
-1.3737500e-03,3.6528,9.654
-1.3712500e-03,3.1104,9.661
-1.3687500e-03,-0.1696,9.653
-1.3662500e-03,1.2672,9.652
-1.3637500e-03,4.0400,9.656
-1.3612500e-03,2.4048,9.652
-1.3587500e-03,0.3248,9.663
-1.3562500e-03,1.4384,9.649
-1.3537500e-03,3.6160,9.645
-1.3512500e-03,1.8096,9.652
-1.3487500e-03,0.7248,9.646
-1.3462500e-03,1.0816,9.648
-1.3437500e-03,4.5440,9.655
-1.3412500e-03,0.9248,9.659
-1.3387500e-03,1.2976,9.652
-1.3362500e-03,1.1856,9.658
-1.3337500e-03,2.6176,9.652
-1.3312500e-03,3.8064,9.659
-1.3287500e-03,1.3440,9.654
-1.3262500e-03,-1.2192,9.657
-1.3237500e-03,4.5072,9.656
-1.3212500e-03,3.1152,9.648
-1.3187500e-03,1.0224,9.660
-1.3162500e-03,-0.0272,9.668
-1.3137500e-03,4.3312,9.661
-1.3112500e-03,2.3616,9.647
-1.3087500e-03,1.6256,9.658
-1.3062500e-03,0.4096,9.643
-1.3037500e-03,3.0240,9.658
-1.3012500e-03,2.5584,9.660
-1.2987500e-03,1.8656,9.646
-1.2962500e-03,0.5056,9.651
-1.2937500e-03,3.6944,9.649
-1.2912500e-03,1.1488,9.658
-1.2887500e-03,2.8432,9.656
-1.2862500e-03,1.1264,9.659
-1.2837500e-03,1.4592,9.657
-1.2812500e-03,4.1088,9.660
-1.2787500e-03,1.0464,9.645
-1.2762500e-03,0.3920,9.650
-1.2737500e-03,2.5920,9.653
-1.2712500e-03,2.9120,9.662
-1.2687500e-03,1.7968,9.651
-1.2662500e-03,1.4000,9.652
-1.2637500e-03,1.4976,9.647
-1.2612500e-03,3.1744,9.644
-1.2587500e-03,2.2464,9.662
-1.2562500e-03,1.4288,9.654
-1.2537500e-03,0.5520,9.646
-1.2512500e-03,3.3040,9.659
-1.2487500e-03,2.3712,9.655
-1.2462500e-03,1.4480,9.648
-1.2437500e-03,1.2224,9.660
-1.2412500e-03,2.3744,9.660
-1.2387500e-03,3.3040,9.656
-1.2362500e-03,1.6064,9.645
-1.2337500e-03,-0.3504,9.660
-1.2312500e-03,4.8048,9.660
-1.2287500e-03,0.7536,9.649
-1.2262500e-03,1.7936,9.653
-1.2237500e-03,1.0960,9.653
-1.2212500e-03,2.6224,9.643
-1.2187500e-03,1.8448,9.651
-1.2162500e-03,2.7504,9.650
-1.2137500e-03,0.3328,9.649
-1.2112500e-03,2.3632,9.654
-1.2087500e-03,3.0272,9.654
-1.2062500e-03,2.4480,9.641
-1.2037500e-03,-0.0576,9.650
-1.2012500e-03,2.3520,9.656
-1.1987500e-03,3.0768,9.657
-1.1962500e-03,1.8096,9.648
-1.1937500e-03,0.8464,9.642
-1.1912500e-03,1.3760,9.654
-1.1887500e-03,3.7360,9.652
-1.1862500e-03,1.8432,9.658
-1.1837500e-03,1.0336,9.657
-1.1812500e-03,1.5792,9.656
-1.1787500e-03,1.9728,9.655
-1.1762500e-03,3.6352,9.658
-1.1737500e-03,0.8560,9.651
-1.1712500e-03,-0.1520,9.654
-1.1687500e-03,3.7232,9.660
-1.1662500e-03,2.9344,9.660
-1.1637500e-03,0.6752,9.661
-1.1612500e-03,0.5280,9.656
-1.1587500e-03,4.0752,9.662
-1.1562500e-03,2.4720,9.649
-1.1537500e-03,0.6272,9.657
-1.1512500e-03,0.2592,9.647
-1.1487500e-03,4.1168,9.654
-1.1462500e-03,2.3328,9.645
-1.1437500e-03,1.3888,9.657
-1.1412500e-03,0.2512,9.649
-1.1387500e-03,4.1376,9.657
-1.1362500e-03,1.9008,9.654
-1.1337500e-03,2.4528,9.650
-1.1312500e-03,-0.3904,9.647
-1.1287500e-03,2.6096,9.646
-1.1262500e-03,3.8032,9.639
-1.1237500e-03,1.6272,9.652
-1.1212500e-03,-1.0944,9.658
-1.1187500e-03,3.8192,9.657
-1.1162500e-03,3.2592,9.648
-1.1137500e-03,1.6128,9.650
-1.1112500e-03,-0.0496,9.661
-1.1087500e-03,3.0512,9.656
-1.1062500e-03,2.9312,9.657
-1.1037500e-03,1.3648,9.652
-1.1012500e-03,0.3648,9.658
-1.0987500e-03,2.6080,9.657
-1.0962500e-03,2.7648,9.653
-1.0937500e-03,1.9968,9.649
-1.0912500e-03,1.3680,9.650
-1.0887500e-03,1.0768,9.654
-1.0862500e-03,3.0288,9.656
-1.0837500e-03,3.3168,9.644
-1.0812500e-03,-0.5312,9.652
-1.0787500e-03,1.4240,9.659
-1.0762500e-03,4.3616,9.648
-1.0737500e-03,1.0320,9.668
-1.0712500e-03,0.6672,9.654
-1.0687500e-03,1.7136,9.654
-1.0662500e-03,3.7168,9.658
-1.0637500e-03,1.6880,9.651
-1.0612500e-03,1.6784,9.651
-1.0587500e-03,0.7264,9.655
-1.0562500e-03,3.2720,9.668
-1.0537500e-03,2.2112,9.661
-1.0512500e-03,1.3776,9.652
-1.0487500e-03,0.1008,9.658
-1.0462500e-03,3.5696,9.660
-1.0437500e-03,2.2912,9.652
-1.0412500e-03,2.7600,9.652
-1.0387500e-03,-1.0768,9.658
-1.0362500e-03,3.4400,9.640
-1.0337500e-03,3.4592,9.646
-1.0312500e-03,0.5744,9.648
-1.0287500e-03,0.7600,9.650
-1.0262500e-03,3.5728,9.652
-1.0237500e-03,1.3104,9.653
-1.0212500e-03,2.0816,9.662
-1.0187500e-03,1.1184,9.649
-1.0162500e-03,2.3648,9.656
-1.0137500e-03,2.3872,9.657
-1.0112500e-03,2.4544,9.653
-1.0087500e-03,0.9824,9.660
-1.0062500e-03,1.5920,9.658
-1.0037500e-03,2.8944,9.661
-1.0012500e-03,2.0032,9.654
-9.9875000e-04,0.2560,9.648
-9.9625000e-04,1.4864,9.656
-9.9375000e-04,3.2176,9.655
-9.9125000e-04,3.5312,9.655
-9.8875000e-04,-0.8608,9.659
-9.8625000e-04,1.6592,9.638
-9.8375000e-04,4.0960,9.652
-9.8125000e-04,1.3872,9.659
-9.7875000e-04,2.3200,9.669
-9.7625000e-04,0.0096,9.654
-9.7375000e-04,2.4848,9.644
-9.7125000e-04,3.1136,9.651
-9.6875000e-04,1.3360,9.662
-9.6625000e-04,-0.2944,9.648
-9.6375000e-04,3.5120,9.643
-9.6125000e-04,3.0176,9.648
-9.5875000e-04,1.3792,9.650
-9.5625000e-04,-0.2240,9.654
-9.5375000e-04,3.6880,9.659
-9.5125000e-04,2.5680,9.652
-9.4875000e-04,1.3920,9.661
-9.4625000e-04,-0.0224,9.653
-9.4375000e-04,3.5936,9.652
-9.4125000e-04,3.6288,9.652
-9.3875000e-04,0.2032,9.656
-9.3625000e-04,0.7440,9.654
-9.3375000e-04,3.7312,9.640
-9.3125000e-04,1.4832,9.651
-9.2875000e-04,3.5056,9.658
-9.2625000e-04,-0.8544,9.653
-9.2375000e-04,1.5504,9.658
-9.2125000e-04,4.0880,9.668
-9.1875000e-04,2.0048,9.658
-9.1625000e-04,-0.3712,9.649
-9.1375000e-04,2.7840,9.660
-9.1125000e-04,3.1600,9.650
-9.0875000e-04,2.0592,9.655
-9.0625000e-04,0.4816,9.663
-9.0375000e-04,1.7792,9.652
-9.0125000e-04,3.1952,9.664
-8.9875000e-04,1.9888,9.667
-8.9625000e-04,0.5824,9.650
-8.9375000e-04,1.2320,9.648
-8.9125000e-04,4.1280,9.653
-8.8875000e-04,1.3520,9.643
-8.8625000e-04,1.8496,9.659
-8.8375000e-04,0.4656,9.646
-8.8125000e-04,3.8272,9.657
-8.7875000e-04,2.8528,9.650
-8.7625000e-04,-0.2912,9.656
-8.7375000e-04,0.0400,9.653
-8.7125000e-04,5.5200,9.661
-8.6875000e-04,2.2640,9.647
-8.6625000e-04,-0.0880,9.653
-8.6375000e-04,0.9440,9.651
-8.6125000e-04,4.7680,9.651
-8.5875000e-04,1.6736,9.655
-8.5625000e-04,2.6560,9.661
-8.5375000e-04,-0.3152,9.646
-8.5125000e-04,2.7488,9.649
-8.4875000e-04,1.5968,9.650
-8.4625000e-04,3.0752,9.659
-8.4375000e-04,0.6672,9.656
-8.4125000e-04,1.9520,9.651
-8.3875000e-04,2.6384,9.660
-8.3625000e-04,3.2592,9.657
-8.3375000e-04,-0.5232,9.654
-8.3125000e-04,3.9344,9.648
-8.2875000e-04,1.3760,9.650
-8.2625000e-04,0.1456,9.647
-8.2375000e-04,2.5696,9.657
-8.2125000e-04,3.1744,9.650
-8.1875000e-04,0.8064,9.655
-8.1625000e-04,2.1056,9.655
-8.1375000e-04,2.5008,9.648
-8.1125000e-04,1.2848,9.664
-8.0875000e-04,2.0448,9.653
-8.0625000e-04,3.9872,9.661
-8.0375000e-04,0.0096,9.651
-8.0125000e-04,0.8784,9.659
-7.9875000e-04,3.2400,9.649
-7.9625000e-04,2.9248,9.652
-7.9375000e-04,0.7152,9.664
-7.9125000e-04,0.3888,9.664
-7.8875000e-04,4.6576,9.655
-7.8625000e-04,2.0752,9.656
-7.8375000e-04,0.1056,9.652
-7.8125000e-04,1.8656,9.656
-7.7875000e-04,3.6320,9.655
-7.7625000e-04,1.6368,9.669
-7.7375000e-04,1.7168,9.639
-7.7125000e-04,-0.2928,9.653
-7.6875000e-04,3.2688,9.653
-7.6625000e-04,2.7744,9.652
-7.6375000e-04,2.2048,9.657
-7.6125000e-04,-0.4784,9.660
-7.5875000e-04,3.1568,9.664
-7.5625000e-04,3.0272,9.649
-7.5375000e-04,2.6912,9.656
-7.5125000e-04,0.1984,9.654
-7.4875000e-04,1.6880,9.656
-7.4625000e-04,1.7664,9.660
-7.4375000e-04,3.7520,9.641
-7.4125000e-04,0.1632,9.659
-7.3875000e-04,1.4352,9.632
-7.3625000e-04,3.0896,9.656
-7.3375000e-04,2.3920,9.660
-7.3125000e-04,0.7536,9.655
-7.2875000e-04,2.0048,9.649
-7.2625000e-04,2.4160,9.656
-7.2375000e-04,2.5872,9.652
-7.2125000e-04,-1.0576,9.656
-7.1875000e-04,2.3280,9.656
-7.1625000e-04,4.6528,9.659
-7.1375000e-04,1.4512,9.655
-7.1125000e-04,-0.4544,9.649
-7.0875000e-04,2.7216,9.657
-7.0625000e-04,3.6832,9.667
-7.0375000e-04,2.3824,9.649
-7.0125000e-04,-1.0256,9.649
-6.9875000e-04,0.8368,9.647
-6.9625000e-04,4.9760,9.653
-6.9375000e-04,1.7808,9.651
-6.9125000e-04,-0.7696,9.647
-6.8875000e-04,3.1920,9.653
-6.8625000e-04,3.8464,9.653
-6.8375000e-04,-0.0448,9.651
-6.8125000e-04,2.5680,9.644
-6.7875000e-04,0.6704,9.657
-6.7625000e-04,1.5872,9.654
-6.7375000e-04,3.6912,9.659
-6.7125000e-04,2.5696,9.644
-6.6875000e-04,-2.0432,9.651
-6.6625000e-04,4.1488,9.652
-6.6375000e-04,8.2672,9.668
-6.6125000e-04,-5.3408,9.659
-6.5875000e-04,-1.0896,9.663
-6.5625000e-04,8.1536,9.664
-6.5375000e-04,2.7984,9.662
-6.5125000e-04,-2.0304,9.653
-6.4875000e-04,1.3440,9.647
-6.4625000e-04,4.9840,9.658
-6.4375000e-04,0.2800,9.665
-6.4125000e-04,1.4672,9.655
-6.3875000e-04,2.2128,9.663
-6.3625000e-04,1.8288,9.654
-6.3375000e-04,1.9024,9.659
-6.3125000e-04,3.5776,9.650
-6.2875000e-04,-0.2320,9.652
-6.2625000e-04,1.9568,9.646
-6.2375000e-04,4.8624,9.659
-6.2125000e-04,-0.2896,9.644
-6.1875000e-04,-1.1200,9.657
-6.1625000e-04,4.0208,9.655
-6.1375000e-04,2.4032,9.647
-6.1125000e-04,0.1824,9.653
-6.0875000e-04,4.4112,9.656
-6.0625000e-04,1.6320,9.642
-6.0375000e-04,0.8672,9.646
-6.0125000e-04,3.2304,9.642
-5.9875000e-04,2.3536,9.657
-5.9625000e-04,-1.4896,9.658
-5.9375000e-04,3.0288,9.655
-5.9125000e-04,3.6576,9.647
-5.8875000e-04,1.3728,9.658
-5.8625000e-04,0.0176,9.652
-5.8375000e-04,3.4944,9.658
-5.8125000e-04,3.0848,9.652
-5.7875000e-04,1.0864,9.657
-5.7625000e-04,1.4768,9.658
-5.7375000e-04,2.7712,9.655
-5.7125000e-04,0.9040,9.651
-5.6875000e-04,2.3936,9.652
-5.6625000e-04,1.6016,9.651
-5.6375000e-04,1.4048,9.655
-5.6125000e-04,2.5152,9.650
-5.5875000e-04,3.0416,9.651
-5.5625000e-04,-0.2176,9.654
-5.5375000e-04,2.1088,9.655
-5.5125000e-04,3.9888,9.652
-5.4875000e-04,0.8640,9.671
-5.4625000e-04,0.5264,9.652
-5.4375000e-04,3.2144,9.662
-5.4125000e-04,1.9024,9.650
-5.3875000e-04,1.9360,9.657
-5.3625000e-04,1.7728,9.645
-5.3375000e-04,1.0640,9.654
-5.3125000e-04,2.5552,9.679
-5.2875000e-04,2.8592,9.651
-5.2625000e-04,1.3744,9.653
-5.2375000e-04,1.6496,9.658
-5.2125000e-04,2.1392,9.657
-5.1875000e-04,1.9600,9.655
-5.1625000e-04,1.6992,9.654
-5.1375000e-04,0.1152,9.654
-5.1125000e-04,8.1072,9.682
-5.0875000e-04,-12.2176,9.659
-5.0625000e-04,10.6208,9.692
-5.0375000e-04,8.8944,9.668
-5.0125000e-04,-3.7104,9.662
-4.9875000e-04,-1.2944,9.661
-4.9625000e-04,7.4896,9.665
-4.9375000e-04,1.4448,9.655
-4.9125000e-04,-1.5376,9.652
-4.8875000e-04,2.9136,9.660
-4.8625000e-04,4.5680,9.657
-4.8375000e-04,-2.1216,9.660
-4.8125000e-04,2.6016,9.653
-4.7875000e-04,4.2800,9.665
-4.7625000e-04,1.4528,9.648
-4.7375000e-04,-0.4416,9.654
-4.7125000e-04,2.8800,9.655
-4.6875000e-04,2.5328,9.653
-4.6625000e-04,1.8416,9.654
-4.6375000e-04,-0.0016,9.648
-4.6125000e-04,2.4624,9.649
-4.5875000e-04,2.7584,9.655
-4.5625000e-04,2.4080,9.662
-4.5375000e-04,0.5408,9.660
-4.5125000e-04,2.1616,9.652
-4.4875000e-04,3.2496,9.648
-4.4625000e-04,1.9712,9.652
-4.4375000e-04,0.4096,9.664
-4.4125000e-04,1.3728,9.644
-4.3875000e-04,3.2272,9.643
-4.3625000e-04,2.2576,9.651
-4.3375000e-04,-0.0880,9.654
-4.3125000e-04,1.6416,9.657
-4.2875000e-04,3.2464,9.656
-4.2625000e-04,2.6416,9.650
-4.2375000e-04,1.2704,9.661
-4.2125000e-04,-0.2528,9.646
-4.1875000e-04,3.5680,9.650
-4.1625000e-04,2.6064,9.648
-4.1375000e-04,0.4128,9.651
-4.1125000e-04,0.1616,9.655
-4.0875000e-04,3.8544,9.641
-4.0625000e-04,2.6944,9.655
-4.0375000e-04,0.8960,9.657
-4.0125000e-04,0.2528,9.663
-3.9875000e-04,4.2880,9.650
-3.9625000e-04,2.4320,9.666
-3.9375000e-04,1.2112,9.653
-3.9125000e-04,-0.2016,9.652
-3.8875000e-04,3.8400,9.650
-3.8625000e-04,2.2896,9.648
-3.8375000e-04,0.8560,9.666
-3.8125000e-04,0.4928,9.659
-3.7875000e-04,3.6240,9.655
-3.7625000e-04,2.4736,9.662
-3.7375000e-04,2.5712,9.666
-3.7125000e-04,-0.4432,9.645
-3.6875000e-04,2.6560,9.654
-3.6625000e-04,3.3456,9.648
-3.6375000e-04,1.3312,9.641
-3.6125000e-04,-0.1696,9.663
-3.5875000e-04,2.6720,9.647
-3.5625000e-04,3.3008,9.656
-3.5375000e-04,1.7728,9.655
-3.5125000e-04,0.7984,9.651
-3.4875000e-04,2.4112,9.657
-3.4625000e-04,3.5680,9.657
-3.4375000e-04,1.8896,9.649
-3.4125000e-04,0.3392,9.651
-3.3875000e-04,1.6368,9.649
-3.3625000e-04,3.2576,9.651
-3.3375000e-04,1.8528,9.656
-3.3125000e-04,0.9760,9.656
-3.2875000e-04,1.2592,9.654
-3.2625000e-04,3.3488,9.654
-3.2375000e-04,2.4992,9.648
-3.2125000e-04,0.9232,9.656
-3.1875000e-04,1.1616,9.656
-3.1625000e-04,3.6448,9.655
-3.1375000e-04,1.4928,9.655
-3.1125000e-04,0.9296,9.655
-3.0875000e-04,0.4176,9.661
-3.0625000e-04,3.7984,9.644
-3.0375000e-04,2.2000,9.649
-3.0125000e-04,1.4832,9.647
-2.9875000e-04,0.2432,9.653
-2.9625000e-04,3.8448,9.653
-2.9375000e-04,2.6112,9.651
-2.9125000e-04,1.7840,9.657
-2.8875000e-04,0.0112,9.653
-2.8625000e-04,3.2912,9.658
-2.8375000e-04,1.5184,9.656
-2.8125000e-04,2.5184,9.662
-2.7875000e-04,0.3712,9.653
-2.7625000e-04,2.2544,9.658
-2.7375000e-04,2.8688,9.651
-2.7125000e-04,2.4752,9.649
-2.6875000e-04,0.1728,9.673
-2.6625000e-04,2.5536,9.657
-2.6375000e-04,2.7456,9.653
-2.6125000e-04,1.2272,9.652
-2.5875000e-04,0.7136,9.650
-2.5625000e-04,1.8112,9.655
-2.5375000e-04,2.9632,9.658
-2.5125000e-04,2.1504,9.654
-2.4875000e-04,0.7952,9.652
-2.4625000e-04,1.5152,9.650
-2.4375000e-04,3.7744,9.658
-2.4125000e-04,2.3424,9.652
-2.3875000e-04,0.6608,9.661
-2.3625000e-04,1.1424,9.659
-2.3375000e-04,2.0976,9.669
-2.3125000e-04,2.5184,9.642
-2.2875000e-04,1.8352,9.649
-2.2625000e-04,0.0304,9.654
-2.2375000e-04,3.1344,9.655
-2.2125000e-04,2.7968,9.661
-2.1875000e-04,1.6960,9.640
-2.1625000e-04,0.3136,9.656
-2.1375000e-04,3.2480,9.636
-2.1125000e-04,2.1072,9.656
-2.0875000e-04,1.3728,9.655
-2.0625000e-04,-0.1200,9.659
-2.0375000e-04,3.4752,9.648
-2.0125000e-04,2.0880,9.661
-1.9875000e-04,2.2288,9.654
-1.9625000e-04,-0.0608,9.656
-1.9375000e-04,3.1264,9.657
-1.9125000e-04,3.0384,9.659
-1.8875000e-04,1.7360,9.649
-1.8625000e-04,0.5872,9.653
-1.8375000e-04,1.1056,9.662
-1.8125000e-04,3.1408,9.661
-1.7875000e-04,2.6176,9.652
-1.7625000e-04,-0.3712,9.645
-1.7375000e-04,1.7920,9.647
-1.7125000e-04,3.7136,9.655
-1.6875000e-04,2.3936,9.648
-1.6625000e-04,0.1632,9.651
-1.6375000e-04,1.9376,9.653
-1.6125000e-04,3.3136,9.654
-1.5875000e-04,1.9008,9.644
-1.5625000e-04,0.3952,9.649
-1.5375000e-04,1.4560,9.654
-1.5125000e-04,3.2336,9.656
-1.4875000e-04,2.3552,9.655
-1.4625000e-04,0.9552,9.642
-1.4375000e-04,1.0864,9.650
-1.4125000e-04,4.6160,9.649
-1.3875000e-04,1.2976,9.662
-1.3625000e-04,2.2480,9.652
-1.3375000e-04,-0.6768,9.661
-1.3125000e-04,3.5376,9.654
-1.2875000e-04,3.2064,9.653
-1.2625000e-04,0.6256,9.657
-1.2375000e-04,-0.4640,9.651
-1.2125000e-04,4.2544,9.660
-1.1875000e-04,2.4640,9.661
-1.1625000e-04,1.5856,9.659
-1.1375000e-04,0.0736,9.663
-1.1125000e-04,3.6224,9.657
-1.0875000e-04,2.2816,9.658
-1.0625000e-04,1.5616,9.651
-1.0375000e-04,-0.3616,9.650
-1.0125000e-04,3.0144,9.643
-9.8750000e-05,2.9120,9.652
-9.6250000e-05,1.7408,9.649
-9.3750000e-05,0.0576,9.657
-9.1250000e-05,3.8864,9.652
-8.8750000e-05,1.0912,9.644
-8.6250000e-05,3.8448,9.657
-8.3750000e-05,-0.6672,9.651
-8.1250000e-05,0.9904,9.644
-7.8750000e-05,4.4256,9.651
-7.6250000e-05,1.3104,9.641
-7.3750000e-05,-0.3568,9.660
-7.1250000e-05,2.4480,9.655
-6.8750000e-05,3.5264,9.654
-6.6250000e-05,1.8304,9.645
-6.3750000e-05,0.8112,9.660
-6.1250000e-05,1.8288,9.656
-5.8750000e-05,3.2720,9.659
-5.6250000e-05,1.9872,9.652
-5.3750000e-05,0.7376,9.661
-5.1250000e-05,0.6416,9.656
-4.8750000e-05,3.3392,9.656
-4.6250000e-05,2.2992,9.652
-4.3750000e-05,1.0544,9.648
-4.1250000e-05,0.6864,9.648
-3.8750000e-05,3.5184,9.664
-3.6250000e-05,3.0928,9.649
-3.3750000e-05,0.8640,9.644
-3.1250000e-05,-0.0672,9.656
-2.8750000e-05,5.0288,9.654
-2.6250000e-05,1.0672,9.664
-2.3750000e-05,0.6192,9.660
-2.1250000e-05,1.2112,9.650
-1.8750000e-05,3.9792,9.656
-1.6250000e-05,1.5584,9.657
-1.3750000e-05,1.9552,9.657
-1.1250000e-05,1.0272,9.646
-8.7500000e-06,3.3552,9.653
-6.2500000e-06,1.8864,9.680
-3.7500000e-06,1.7584,9.655
-1.2500000e-06,1.4736,9.658
1.2500000e-06,-2.3312,9.675
3.7500000e-06,-0.8896,9.649
6.2500000e-06,-0.5952,9.656
8.7500000e-06,-1.9984,9.652
1.1250000e-05,0.6192,9.642
1.3750000e-05,3.1408,9.640
1.6250000e-05,2.6576,9.648
1.8750000e-05,0.7280,9.649
2.1250000e-05,5.2832,9.641
2.3750000e-05,5.1712,9.651
2.6250000e-05,4.6192,9.660
2.8750000e-05,5.6368,9.651
3.1250000e-05,7.5040,9.640
3.3750000e-05,9.1120,9.618
3.6250000e-05,8.9392,9.561
3.8750000e-05,9.4432,9.475
4.1250000e-05,10.6336,9.374
4.3750000e-05,12.7312,9.283
4.6250000e-05,13.0176,9.267
4.8750000e-05,12.5088,9.249
5.1250000e-05,12.8064,9.250
5.3750000e-05,16.5760,9.248
5.6250000e-05,16.4480,9.249
5.8750000e-05,16.5616,9.252
6.1250000e-05,15.8560,9.248
6.3750000e-05,20.3376,9.244
6.6250000e-05,20.4528,9.253
6.8750000e-05,19.5776,9.260
7.1250000e-05,20.6880,9.252
7.3750000e-05,23.5328,9.235
7.6250000e-05,21.5120,9.184
7.8750000e-05,24.1744,9.104
8.1250000e-05,22.9424,8.988
8.3750000e-05,25.4944,8.884
8.6250000e-05,26.3472,8.853
8.8750000e-05,27.2688,8.846
9.1250000e-05,25.7056,8.852
9.3750000e-05,28.7552,8.847
9.6250000e-05,29.8128,8.853
9.8750000e-05,30.1024,8.851
1.0125000e-04,28.3344,8.857
1.0375000e-04,30.9936,8.841
1.0625000e-04,32.9824,8.843
1.0875000e-04,32.4752,8.852
1.1125000e-04,32.1680,8.832
1.1375000e-04,33.4112,8.794
1.1625000e-04,35.7680,8.701
1.1875000e-04,35.6848,8.586
1.2125000e-04,34.3536,8.497
1.2375000e-04,36.9200,8.467
1.2625000e-04,37.5904,8.455
1.2875000e-04,36.8352,8.459
1.3125000e-04,38.0912,8.448
1.3375000e-04,37.8592,8.451
1.3625000e-04,40.2464,8.449
1.3875000e-04,40.3392,8.443
1.4125000e-04,40.1008,8.461
1.4375000e-04,39.6480,8.451
1.4625000e-04,43.1888,8.444
1.4875000e-04,42.7424,8.436
1.5125000e-04,41.7424,8.370
1.5375000e-04,40.9440,8.213
1.5625000e-04,45.4656,8.120
1.5875000e-04,43.5472,8.057
1.6125000e-04,44.4256,8.044
1.6375000e-04,43.1472,8.056
1.6625000e-04,46.5744,8.042
1.6875000e-04,46.0688,8.049
1.7125000e-04,46.5888,8.048
1.7375000e-04,45.3200,8.051
1.7625000e-04,48.0016,8.057
1.7875000e-04,47.1152,8.047
1.8125000e-04,48.0336,8.043
1.8375000e-04,46.5088,8.017
1.8625000e-04,48.6800,7.948
1.8875000e-04,49.5456,7.833
1.9125000e-04,49.9936,7.733
1.9375000e-04,47.9728,7.664
1.9625000e-04,49.8880,7.648
1.9875000e-04,52.0496,7.651
2.0125000e-04,50.9472,7.652
2.0375000e-04,49.2432,7.653
2.0625000e-04,52.0848,7.648
2.0875000e-04,50.6832,7.658
2.1125000e-04,52.8528,7.645
2.1375000e-04,51.0000,7.655
2.1625000e-04,51.6560,7.646
2.1875000e-04,54.0848,7.616
2.2125000e-04,53.2016,7.553
2.2375000e-04,52.1760,7.428
2.2625000e-04,52.5104,7.335
2.2875000e-04,54.7456,7.281
2.3125000e-04,53.7872,7.265
2.3375000e-04,53.9280,7.247
2.3625000e-04,53.1936,7.255
2.3875000e-04,56.0656,7.250
2.4125000e-04,53.9648,7.253
2.4375000e-04,55.7424,7.255
2.4625000e-04,52.6848,7.253
2.4875000e-04,55.6656,7.248
2.5125000e-04,57.4736,7.244
2.5375000e-04,55.0464,7.238
2.5625000e-04,54.0784,7.215
2.5875000e-04,57.8912,7.124
2.6125000e-04,56.7312,7.002
2.6375000e-04,55.2992,6.917
2.6625000e-04,55.5184,6.862
2.6875000e-04,56.2608,6.859
2.7125000e-04,57.1328,6.857
2.7375000e-04,56.5520,6.844
2.7625000e-04,56.9280,6.846
2.7875000e-04,52.1744,6.849
2.8125000e-04,61.9328,6.854
2.8375000e-04,61.4032,6.850
2.8625000e-04,50.0800,6.852
2.8875000e-04,55.1744,6.838
2.9125000e-04,62.6864,6.837
2.9375000e-04,57.0384,6.756
2.9625000e-04,53.2128,6.642
2.9875000e-04,59.2208,6.569
3.0125000e-04,60.8320,6.501
3.0375000e-04,55.2384,6.462
3.0625000e-04,60.5568,6.444
3.0875000e-04,56.5504,6.449
3.1125000e-04,54.9920,6.435
3.1375000e-04,58.9136,6.460
3.1625000e-04,59.9520,6.446
3.1875000e-04,53.9424,6.448
3.2125000e-04,58.4560,6.451
3.2375000e-04,61.3952,6.450
3.2625000e-04,56.8384,6.446
3.2875000e-04,55.3248,6.426
3.3125000e-04,64.0496,6.394
3.3375000e-04,54.3696,6.256
3.3625000e-04,55.7968,6.141
3.3875000e-04,58.6992,6.112
3.4125000e-04,59.9488,6.069
3.4375000e-04,55.4784,6.050
3.4625000e-04,58.9664,6.051
3.4875000e-04,58.0064,6.046
3.5125000e-04,57.3856,6.042
3.5375000e-04,58.7056,6.049
3.5625000e-04,61.8672,6.046
3.5875000e-04,48.1552,6.042
3.6125000e-04,62.0816,6.052
3.6375000e-04,64.1536,6.051
3.6625000e-04,53.6896,6.020
3.6875000e-04,52.7792,5.967
3.7125000e-04,62.2896,5.951
3.7375000e-04,59.0976,5.845
3.7625000e-04,53.9632,5.708
3.7875000e-04,57.4272,5.660
3.8125000e-04,56.2928,5.629
3.8375000e-04,53.1152,5.628
3.8625000e-04,70.4608,5.609
3.8875000e-04,56.2832,5.600
3.9125000e-04,48.2112,5.600
3.9375000e-04,60.8176,5.600
3.9625000e-04,62.2384,5.600
3.9875000e-04,54.0464,5.600
4.0125000e-04,53.2000,5.600
4.0375000e-04,61.4368,5.599
4.0625000e-04,52.2896,5.588
4.0875000e-04,61.5424,5.563
4.1125000e-04,59.7344,5.542
4.1375000e-04,52.4128,5.430
4.1625000e-04,55.9520,5.355
4.1875000e-04,58.9424,5.288
4.2125000e-04,54.8608,5.224
4.2375000e-04,55.9232,5.204
4.2625000e-04,57.4240,5.202
4.2875000e-04,56.5616,5.200
4.3125000e-04,53.7984,5.200
4.3375000e-04,57.9824,5.200
4.3625000e-04,56.8080,5.200
4.3875000e-04,55.7904,5.200
4.4125000e-04,53.5472,5.200
4.4375000e-04,56.7792,5.200
4.4625000e-04,54.7120,5.199
4.4875000e-04,56.2016,5.198
4.5125000e-04,54.5472,5.185
4.5375000e-04,55.8752,5.156
4.5625000e-04,55.3600,5.084
4.5875000e-04,56.5776,5.017
4.6125000e-04,52.9216,4.905
4.6375000e-04,54.3216,4.849
4.6625000e-04,58.0480,4.825
4.6875000e-04,53.3904,4.802
4.7125000e-04,50.5728,4.800
4.7375000e-04,56.8544,4.800
4.7625000e-04,56.4224,4.800
4.7875000e-04,51.3584,4.800
4.8125000e-04,53.6992,4.800
4.8375000e-04,56.0368,4.800
4.8625000e-04,49.3632,4.800
4.8875000e-04,58.0032,4.800
4.9125000e-04,55.0080,4.800
4.9375000e-04,49.4960,4.798
4.9625000e-04,53.5936,4.784
4.9875000e-04,55.9520,4.778
5.0125000e-04,51.6736,4.722
5.0375000e-04,48.9584,4.632
5.0625000e-04,55.8720,4.566
5.0875000e-04,51.4432,4.488
5.1125000e-04,50.5216,4.443
5.1375000e-04,56.5984,4.423
5.1625000e-04,53.3872,4.402
5.1875000e-04,49.9760,4.400
5.2125000e-04,52.3136,4.401
5.2375000e-04,50.5264,4.400
5.2625000e-04,52.2624,4.400
5.2875000e-04,51.4112,4.400
5.3125000e-04,52.8848,4.400
5.3375000e-04,44.8736,4.400
5.3625000e-04,56.5008,4.400
5.3875000e-04,55.5824,4.400
5.4125000e-04,46.1584,4.398
5.4375000e-04,47.1104,4.392
5.4625000e-04,55.8112,4.390
5.4875000e-04,49.5504,4.359
5.5125000e-04,48.2576,4.304
5.5375000e-04,49.5632,4.249
5.5625000e-04,52.2256,4.181
5.5875000e-04,47.6624,4.080
5.6125000e-04,56.0000,4.073
5.6375000e-04,45.8512,4.021
5.6625000e-04,44.8064,4.005
5.6875000e-04,53.0160,4.003
5.7125000e-04,52.0976,4.000
5.7375000e-04,43.4368,4.000
5.7625000e-04,47.4144,4.000
5.7875000e-04,53.3536,4.000
5.8125000e-04,47.9552,4.000
5.8375000e-04,45.1520,4.000
5.8625000e-04,54.4688,4.000
5.8875000e-04,41.8944,4.000
5.9125000e-04,46.9200,4.000
5.9375000e-04,52.6560,3.999
5.9625000e-04,46.4128,3.998
5.9875000e-04,44.9152,3.986
6.0125000e-04,49.8112,3.971
6.0375000e-04,48.0272,3.958
6.0625000e-04,42.3760,3.881
6.0875000e-04,48.5856,3.818
6.1125000e-04,52.0176,3.804
6.1375000e-04,32.9840,3.676
6.1625000e-04,52.6544,3.716
6.1875000e-04,55.3840,3.651
6.2125000e-04,40.2288,3.608
6.2375000e-04,41.4112,3.603
6.2625000e-04,49.4528,3.602
6.2875000e-04,48.0784,3.600
6.3125000e-04,41.4880,3.600
6.3375000e-04,45.2288,3.600
6.3625000e-04,38.8384,3.600
6.3875000e-04,44.0960,3.600
6.4125000e-04,59.9968,3.600
6.4375000e-04,42.5568,3.599
6.4625000e-04,33.6992,3.599
6.4875000e-04,49.1408,3.597
6.5125000e-04,49.6496,3.599
6.5375000e-04,41.1872,3.594
6.5625000e-04,38.8176,3.584
6.5875000e-04,47.1376,3.580
6.6125000e-04,37.0784,3.524
6.6375000e-04,52.0768,3.496
6.6625000e-04,48.2256,3.492
6.6875000e-04,33.5776,3.362
6.7125000e-04,42.1776,3.329
6.7375000e-04,50.3744,3.323
6.7625000e-04,41.7232,3.261
6.7875000e-04,36.7904,3.215
6.8125000e-04,44.6032,3.214
6.8375000e-04,45.1696,3.205
6.8625000e-04,40.3344,3.201
6.8875000e-04,38.6880,3.200
6.9125000e-04,43.9472,3.200
6.9375000e-04,43.7680,3.200
6.9625000e-04,40.8784,3.200
6.9875000e-04,40.0032,3.200
7.0125000e-04,41.2064,3.200
7.0375000e-04,43.6688,3.200
7.0625000e-04,39.7568,3.200
7.0875000e-04,37.4416,3.200
7.1125000e-04,43.4976,3.200
7.1375000e-04,41.5552,3.200
7.1625000e-04,39.5136,3.199
7.1875000e-04,30.1472,3.384
7.2125000e-04,24.9712,3.612
7.2375000e-04,26.5552,3.600
7.2625000e-04,20.3888,3.600
7.2875000e-04,16.9888,3.600
7.3125000e-04,21.6832,3.600
7.3375000e-04,19.8080,3.600
7.3625000e-04,16.8800,3.600
7.3875000e-04,15.4816,3.600
7.4125000e-04,14.4976,3.600
7.4375000e-04,20.8512,3.600
7.4625000e-04,16.0432,3.600
7.4875000e-04,10.8720,3.600
7.5125000e-04,13.7584,3.600
7.5375000e-04,17.7136,3.600
7.5625000e-04,12.1344,3.600
7.5875000e-04,7.9984,3.600
7.6125000e-04,14.2768,3.600
7.6375000e-04,13.4672,3.600
7.6625000e-04,9.6832,3.600
7.6875000e-04,9.1328,3.600
7.7125000e-04,9.8544,3.600
7.7375000e-04,11.3312,3.600
7.7625000e-04,11.2368,3.600
7.7875000e-04,6.3600,3.600
7.8125000e-04,5.6880,3.600
7.8375000e-04,11.8544,3.600
7.8625000e-04,9.0944,3.600
7.8875000e-04,1.0112,3.600
7.9125000e-04,11.3056,3.600
7.9375000e-04,11.9120,3.600
7.9625000e-04,1.9664,3.600
7.9875000e-04,4.5744,3.600
8.0125000e-04,8.9152,3.600
8.0375000e-04,6.2704,3.600
8.0625000e-04,4.8512,3.600
8.0875000e-04,6.8416,3.600
8.1125000e-04,3.7408,3.600
8.1375000e-04,5.5328,3.600
8.1625000e-04,11.5312,3.601
8.1875000e-04,1.3584,3.600
8.2125000e-04,-0.4912,3.600
8.2375000e-04,8.8784,3.600
8.2625000e-04,7.7312,3.600
8.2875000e-04,1.1920,3.600
8.3125000e-04,3.2336,3.600
8.3375000e-04,7.6224,3.600
8.3625000e-04,3.6688,3.600
8.3875000e-04,2.7808,3.601
8.4125000e-04,9.2944,3.601
8.4375000e-04,-4.3968,3.600
8.4625000e-04,5.1376,3.601
8.4875000e-04,9.8768,3.601
8.5125000e-04,1.9888,3.601
8.5375000e-04,-0.7568,3.600
8.5625000e-04,7.7856,3.601
8.5875000e-04,6.4160,3.601
8.6125000e-04,-0.9888,3.600
8.6375000e-04,2.7168,3.600
8.6625000e-04,8.5136,3.605
8.6875000e-04,-7.0784,3.602
8.7125000e-04,11.2544,3.609
8.7375000e-04,8.0928,3.602
8.7625000e-04,-1.5872,3.602
8.7875000e-04,0.6304,3.602
8.8125000e-04,8.4352,3.602
8.8375000e-04,2.2592,3.600
8.8625000e-04,0.9280,3.600
8.8875000e-04,4.3376,3.600
8.9125000e-04,-2.0336,3.602
8.9375000e-04,1.9136,3.609
8.9625000e-04,16.1280,3.612
8.9875000e-04,0.0688,3.608
9.0125000e-04,-4.3344,3.601
9.0375000e-04,5.3840,3.604
9.0625000e-04,8.0928,3.604
9.0875000e-04,0.5248,3.600
9.1125000e-04,0.8688,3.600
9.1375000e-04,3.8240,3.600
9.1625000e-04,-0.1664,3.601
9.1875000e-04,8.9664,3.602
9.2125000e-04,4.1376,3.604
9.2375000e-04,-4.0448,3.601
9.2625000e-04,2.6848,3.602
9.2875000e-04,7.8096,3.604
9.3125000e-04,2.2304,3.601
9.3375000e-04,-1.1440,3.601
9.3625000e-04,4.2656,3.602
9.3875000e-04,5.5744,3.602
9.4125000e-04,1.0016,3.601
9.4375000e-04,2.5248,3.602
9.4625000e-04,1.5584,3.600
9.4875000e-04,3.5072,3.602
9.5125000e-04,2.2320,3.600
9.5375000e-04,2.1776,3.601
9.5625000e-04,1.3360,3.601
9.5875000e-04,3.4944,3.601
9.6125000e-04,3.3392,3.601
9.6375000e-04,2.4320,3.600
9.6625000e-04,0.4064,3.600
9.6875000e-04,3.6000,3.602
9.7125000e-04,3.5072,3.601
9.7375000e-04,2.1440,3.602
9.7625000e-04,-0.0944,3.601
9.7875000e-04,4.1088,3.604
9.8125000e-04,3.0576,3.603
9.8375000e-04,2.0560,3.602
9.8625000e-04,0.4896,3.601
9.8875000e-04,3.9792,3.603
9.9125000e-04,2.9936,3.604
9.9375000e-04,2.2720,3.603
9.9625000e-04,-2.2128,3.602
9.9875000e-04,7.1312,3.604
1.0012500e-03,4.2560,3.605
1.0037500e-03,-0.6512,3.604
1.0062500e-03,1.5488,3.602
1.0087500e-03,4.2256,3.602
1.0112500e-03,1.6336,3.604
1.0137500e-03,1.1776,3.603
1.0162500e-03,3.2592,3.602
1.0187500e-03,-1.0848,3.603
1.0212500e-03,4.3264,3.604
1.0237500e-03,7.3952,3.607
1.0262500e-03,-1.5760,3.604
1.0287500e-03,-1.2688,3.603
1.0312500e-03,6.5168,3.605
1.0337500e-03,2.5120,3.604
1.0362500e-03,-1.6352,3.606
1.0387500e-03,2.2000,3.603
1.0412500e-03,6.0416,3.606
1.0437500e-03,-2.6528,3.602
1.0462500e-03,7.9728,3.610
1.0487500e-03,1.8752,3.610
1.0512500e-03,-2.0272,3.604
1.0537500e-03,3.0672,3.604
1.0562500e-03,5.0320,3.604
1.0587500e-03,-2.5520,3.602
1.0612500e-03,1.9248,3.604
1.0637500e-03,5.5920,3.608
1.0662500e-03,2.1632,3.605
1.0687500e-03,-1.9728,3.604
1.0712500e-03,9.1744,3.608
1.0737500e-03,-0.8960,3.607
1.0762500e-03,-1.0704,3.603
1.0787500e-03,2.8320,3.607
1.0812500e-03,4.5680,3.607
1.0837500e-03,-0.7120,3.605
1.0862500e-03,2.7200,3.604
1.0887500e-03,2.6512,3.605
1.0912500e-03,0.5760,3.605
1.0937500e-03,2.2032,3.604
1.0962500e-03,6.3696,3.612
1.0987500e-03,-6.2992,3.604
1.1012500e-03,2.8704,3.610
1.1037500e-03,7.3088,3.613
1.1062500e-03,1.1216,3.612
1.1087500e-03,-3.0608,3.604
1.1112500e-03,3.4592,3.608
1.1137500e-03,4.5536,3.610
1.1162500e-03,-0.5360,3.605
1.1187500e-03,1.2608,3.604
1.1212500e-03,1.7392,3.610
1.1237500e-03,-0.5552,3.610
1.1262500e-03,8.2640,3.611
1.1287500e-03,1.7296,3.610
1.1312500e-03,-3.3840,3.604
1.1337500e-03,4.1312,3.609
1.1362500e-03,4.0784,3.612
1.1387500e-03,-0.8400,3.606
1.1412500e-03,-1.4256,3.603
1.1437500e-03,5.9856,3.609
1.1462500e-03,-5.2544,3.609
1.1487500e-03,4.7904,3.641
1.1512500e-03,11.1216,3.639
1.1537500e-03,-2.2720,3.619
1.1562500e-03,-3.2816,3.606
1.1587500e-03,7.2704,3.618
1.1612500e-03,1.9328,3.612
1.1637500e-03,-1.7968,3.609
1.1662500e-03,1.9840,3.611
1.1687500e-03,5.2736,3.608
1.1712500e-03,-9.9792,3.607
1.1737500e-03,17.6400,3.671
1.1762500e-03,5.7104,3.678
1.1787500e-03,-11.5456,3.619
1.1812500e-03,1.2064,3.628
1.1837500e-03,12.4224,3.628
1.1862500e-03,-1.4224,3.621
1.1887500e-03,-3.5264,3.607
1.1912500e-03,4.8656,3.616
1.1937500e-03,4.3344,3.609
1.1962500e-03,-0.3472,3.609
1.1987500e-03,4.9440,3.611
1.2012500e-03,-1.2384,3.605
1.2037500e-03,-0.0992,3.606
1.2062500e-03,4.5488,3.610
1.2087500e-03,2.6304,3.610
1.2112500e-03,-0.7840,3.607
1.2137500e-03,0.8048,3.611
1.2162500e-03,4.2192,3.612
1.2187500e-03,1.3536,3.613
1.2212500e-03,0.4944,3.610
1.2237500e-03,1.4192,3.607
1.2262500e-03,3.5280,3.610
1.2287500e-03,1.3696,3.609
1.2312500e-03,1.9648,3.609
1.2337500e-03,0.3936,3.606
1.2362500e-03,4.4144,3.614
1.2387500e-03,0.9184,3.613
1.2412500e-03,1.6288,3.612
1.2437500e-03,-1.3408,3.608
1.2462500e-03,3.9360,3.611
1.2487500e-03,1.7520,3.617
1.2512500e-03,-1.7536,3.610
1.2537500e-03,6.1648,3.621
1.2562500e-03,4.0752,3.616
1.2587500e-03,-1.7440,3.614
1.2612500e-03,2.6768,3.614
1.2637500e-03,2.3488,3.612
1.2662500e-03,-0.0736,3.612
1.2687500e-03,1.3488,3.611
1.2712500e-03,3.9488,3.616
1.2737500e-03,-4.5568,3.611
1.2762500e-03,4.7856,3.633
1.2787500e-03,8.6208,3.635
1.2812500e-03,-1.4944,3.625
1.2837500e-03,-2.3984,3.615
1.2862500e-03,5.9008,3.620
1.2887500e-03,3.2736,3.615
1.2912500e-03,-2.0880,3.609
1.2937500e-03,2.1744,3.614
1.2962500e-03,3.2224,3.616
1.2987500e-03,-2.6176,3.612
1.3012500e-03,9.5472,3.632
1.3037500e-03,1.4528,3.638
1.3062500e-03,-5.2416,3.611
1.3087500e-03,3.6448,3.619
1.3112500e-03,7.1424,3.627
1.3137500e-03,-1.3824,3.618
1.3162500e-03,-2.0704,3.615
1.3187500e-03,6.2912,3.625
1.3212500e-03,2.4368,3.625
1.3237500e-03,-0.7680,3.615
1.3262500e-03,7.0320,3.638
1.3287500e-03,-2.6784,3.629
1.3312500e-03,-1.3504,3.616
1.3337500e-03,6.3504,3.627
1.3362500e-03,1.7312,3.624
1.3387500e-03,-1.3056,3.609
1.3412500e-03,3.9280,3.613
1.3437500e-03,3.4768,3.619
1.3462500e-03,-1.4432,3.617
1.3487500e-03,1.6192,3.614
1.3512500e-03,6.9984,3.645
1.3537500e-03,-6.4272,3.620
1.3562500e-03,3.2336,3.641
1.3587500e-03,7.7488,3.643
1.3612500e-03,-0.2000,3.629
1.3637500e-03,-1.0896,3.619
1.3662500e-03,3.9072,3.628
1.3687500e-03,1.7408,3.627
1.3712500e-03,0.0512,3.613
1.3737500e-03,3.5360,3.628
1.3762500e-03,-0.9376,3.638
1.3787500e-03,-2.5568,3.633
1.3812500e-03,10.9904,3.656
1.3837500e-03,3.9600,3.646
1.3862500e-03,-5.0304,3.623
1.3887500e-03,1.9968,3.630
1.3912500e-03,6.5888,3.634
1.3937500e-03,0.1808,3.623
1.3962500e-03,-1.7120,3.617
1.3987500e-03,3.5392,3.630
1.4012500e-03,-1.2624,3.624
1.4037500e-03,4.3232,3.639
1.4062500e-03,6.8880,3.648
1.4087500e-03,-3.3072,3.635
1.4112500e-03,-0.1584,3.618
1.4137500e-03,6.7728,3.642
1.4162500e-03,1.0784,3.623
1.4187500e-03,-2.9680,3.617
1.4212500e-03,5.1520,3.632
1.4237500e-03,3.6288,3.631
1.4262500e-03,-2.5872,3.620
1.4287500e-03,5.3856,3.646
1.4312500e-03,2.9168,3.639
1.4337500e-03,-2.1888,3.623
1.4362500e-03,2.3504,3.622
1.4387500e-03,3.4400,3.632
1.4412500e-03,0.1024,3.627
1.4437500e-03,1.5744,3.627
1.4462500e-03,5.6256,3.636
1.4487500e-03,-1.1344,3.626
1.4512500e-03,0.5376,3.628
1.4537500e-03,8.8240,3.657
1.4562500e-03,-3.6096,3.635
1.4587500e-03,-2.0608,3.631
1.4612500e-03,5.4320,3.645
1.4637500e-03,4.2080,3.651
1.4662500e-03,-1.4992,3.627
1.4687500e-03,1.4752,3.631
1.4712500e-03,3.9536,3.637
1.4737500e-03,1.2224,3.636
1.4762500e-03,1.3968,3.623
1.4787500e-03,5.9408,3.660
1.4812500e-03,-8.5552,3.625
1.4837500e-03,6.4784,3.662
1.4862500e-03,8.1984,3.664
1.4887500e-03,-2.7248,3.639
1.4912500e-03,-2.5424,3.624
1.4937500e-03,6.9920,3.638
1.4962500e-03,2.7584,3.643
1.4987500e-03,-1.8512,3.633
1.5012500e-03,1.4384,3.636
1.5037500e-03,0.0320,3.677
1.5062500e-03,-4.5504,3.677
1.5087500e-03,18.0624,3.741
1.5112500e-03,1.4560,3.708
1.5137500e-03,-8.1648,3.635
1.5162500e-03,3.7248,3.652
1.5187500e-03,9.7936,3.662
1.5212500e-03,-2.5120,3.648
1.5237500e-03,-1.4224,3.626
1.5262500e-03,5.5968,3.648
1.5287500e-03,4.1904,3.651
1.5312500e-03,-2.1616,3.638
1.5337500e-03,0.4288,3.628
1.5362500e-03,4.1856,3.651
1.5387500e-03,2.3616,3.658
1.5412500e-03,-1.1888,3.639
1.5437500e-03,2.3696,3.638
1.5462500e-03,3.4176,3.638
1.5487500e-03,1.9184,3.641
1.5512500e-03,0.4832,3.633
1.5537500e-03,1.7328,3.644
1.5562500e-03,2.9872,3.645
1.5587500e-03,2.1504,3.636
1.5612500e-03,0.5232,3.642
1.5637500e-03,1.0000,3.643
1.5662500e-03,3.1536,3.651
1.5687500e-03,2.1264,3.644
1.5712500e-03,0.4096,3.638
1.5737500e-03,0.9824,3.639
1.5762500e-03,3.6880,3.645
1.5787500e-03,2.1408,3.639
1.5812500e-03,0.8160,3.643
1.5837500e-03,0.6512,3.636
1.5862500e-03,2.4608,3.638
1.5887500e-03,2.5920,3.643
1.5912500e-03,1.2608,3.639
1.5937500e-03,-0.1296,3.632
1.5962500e-03,3.4352,3.644
1.5987500e-03,2.8432,3.649
1.6012500e-03,1.1968,3.643
1.6037500e-03,-0.4448,3.639
1.6062500e-03,5.8560,3.659
1.6087500e-03,-2.6496,3.634
1.6112500e-03,5.0144,3.661
1.6137500e-03,2.4752,3.659
1.6162500e-03,0.2464,3.643
1.6187500e-03,1.2320,3.645
1.6212500e-03,4.2512,3.667
1.6237500e-03,-0.8384,3.650
1.6262500e-03,-0.0016,3.638
1.6287500e-03,5.0496,3.659
1.6312500e-03,2.4480,3.657
1.6337500e-03,-0.2992,3.647
1.6362500e-03,2.0576,3.645
1.6387500e-03,1.8768,3.648
1.6412500e-03,2.4416,3.646
1.6437500e-03,2.7856,3.669
1.6462500e-03,-0.9856,3.656
1.6487500e-03,0.6640,3.654
1.6512500e-03,4.6368,3.660
1.6537500e-03,1.9728,3.654
1.6562500e-03,-4.7120,3.642
1.6587500e-03,7.5424,3.683
1.6612500e-03,6.5008,3.688
1.6637500e-03,-4.3840,3.658
1.6662500e-03,-0.9152,3.654
1.6687500e-03,7.5280,3.672
1.6712500e-03,1.3456,3.662
1.6737500e-03,-3.4400,3.647
1.6762500e-03,3.3760,3.658
1.6787500e-03,4.5632,3.662
1.6812500e-03,-1.2512,3.649
1.6837500e-03,6.5472,3.666
1.6862500e-03,-1.1776,3.655
1.6887500e-03,0.2384,3.649
1.6912500e-03,3.7344,3.658
1.6937500e-03,2.5888,3.665
1.6962500e-03,-2.6384,3.643
1.6987500e-03,3.3936,3.666
1.7012500e-03,3.9168,3.673
1.7037500e-03,0.2656,3.663
1.7062500e-03,-0.5648,3.652
1.7087500e-03,8.0960,3.681
1.7112500e-03,-3.3536,3.651
1.7137500e-03,1.6576,3.659
1.7162500e-03,3.7408,3.672
1.7187500e-03,2.0912,3.665
1.7212500e-03,-0.8432,3.646
1.7237500e-03,4.0352,3.683
1.7262500e-03,0.2752,3.666
1.7287500e-03,0.6304,3.659
1.7312500e-03,2.4400,3.671
1.7337500e-03,5.9232,3.716
1.7362500e-03,-8.2128,3.654
1.7387500e-03,7.2000,3.696
1.7412500e-03,8.7808,3.708
1.7437500e-03,-2.6528,3.669
1.7462500e-03,-2.3904,3.651
1.7487500e-03,5.9232,3.682
1.7512500e-03,3.2336,3.671
1.7537500e-03,-1.7136,3.649
1.7562500e-03,1.2752,3.665
1.7587500e-03,-4.4528,3.692
1.7612500e-03,1.9952,3.713
1.7637500e-03,17.4656,3.765
1.7662500e-03,-1.9808,3.722
1.7687500e-03,-8.9072,3.650
1.7712500e-03,7.2048,3.701
1.7737500e-03,8.3536,3.720
1.7762500e-03,-2.8720,3.670
1.7787500e-03,-3.2288,3.656
1.7812500e-03,8.0912,3.704
1.7837500e-03,2.4096,3.691
1.7862500e-03,-2.1888,3.665
1.7887500e-03,1.1248,3.674
1.7912500e-03,6.1888,3.687
1.7937500e-03,0.0064,3.666
1.7962500e-03,0.2048,3.660
1.7987500e-03,1.9456,3.677
1.8012500e-03,2.9856,3.676
1.8037500e-03,0.4128,3.666
1.8062500e-03,2.1840,3.666
1.8087500e-03,0.7456,3.681
1.8112500e-03,1.9392,3.674
1.8137500e-03,2.2272,3.673
1.8162500e-03,3.7360,3.672
1.8187500e-03,-1.5792,3.671
1.8212500e-03,2.8736,3.672
1.8237500e-03,2.7728,3.684
1.8262500e-03,1.8112,3.667
1.8287500e-03,0.2816,3.683
1.8312500e-03,0.2464,3.672
1.8337500e-03,4.2240,3.685
1.8362500e-03,2.2976,3.676
1.8387500e-03,-1.1504,3.674
1.8412500e-03,1.6096,3.677
1.8437500e-03,4.1600,3.696
1.8462500e-03,1.4352,3.679
1.8487500e-03,0.2304,3.663
1.8512500e-03,1.5104,3.672
1.8537500e-03,3.2672,3.680
1.8562500e-03,1.2624,3.678
1.8587500e-03,0.7792,3.673
1.8612500e-03,2.6096,3.740
1.8637500e-03,-6.9424,3.669
1.8662500e-03,11.4176,3.735
1.8687500e-03,7.7104,3.748
1.8712500e-03,-9.2160,3.673
1.8737500e-03,2.6640,3.687
1.8762500e-03,8.1968,3.716
1.8787500e-03,0.7760,3.697
1.8812500e-03,-3.3648,3.660
1.8837500e-03,3.8640,3.681
1.8862500e-03,3.4480,3.691
1.8887500e-03,0.7712,3.681
1.8912500e-03,-0.6608,3.683
1.8937500e-03,2.9152,3.694
1.8962500e-03,2.5968,3.689
1.8987500e-03,2.1280,3.692
1.9012500e-03,-0.0560,3.684
1.9037500e-03,1.8112,3.687
1.9062500e-03,2.9600,3.687
1.9087500e-03,1.9408,3.687
1.9112500e-03,-0.2416,3.686
1.9137500e-03,1.4032,3.679
1.9162500e-03,3.4928,3.712
1.9187500e-03,1.1120,3.689
1.9212500e-03,0.9872,3.694
1.9237500e-03,0.9776,3.679
1.9262500e-03,4.4656,3.700
1.9287500e-03,1.7216,3.702
1.9312500e-03,-1.0736,3.681
1.9337500e-03,2.2464,3.699
1.9362500e-03,3.4464,3.703
1.9387500e-03,1.7184,3.698
1.9412500e-03,-0.3536,3.690
1.9437500e-03,1.0864,3.691
1.9462500e-03,4.3152,3.707
1.9487500e-03,1.3856,3.703
1.9512500e-03,-0.4912,3.687
1.9537500e-03,1.9712,3.713
1.9562500e-03,5.0176,3.722
1.9587500e-03,-0.1120,3.697
1.9612500e-03,2.1856,3.712
1.9637500e-03,2.8816,3.740
1.9662500e-03,-3.2576,3.684
1.9687500e-03,4.1760,3.716
1.9712500e-03,5.1248,3.723
1.9737500e-03,-0.8544,3.715
1.9762500e-03,-0.6032,3.688
1.9787500e-03,4.8784,3.718
1.9812500e-03,3.8112,3.734
1.9837500e-03,-3.2176,3.693
1.9862500e-03,2.8688,3.711
1.9887500e-03,4.2656,3.722
1.9912500e-03,-2.0176,3.684
1.9937500e-03,3.2944,3.724
1.9962500e-03,3.4016,3.726
1.9987500e-03,0.3424,3.695
2.0012500e-03,1.8640,3.711
2.0037500e-03,2.1616,3.713
2.0062500e-03,0.4480,3.700
2.0087500e-03,2.7952,3.695
2.0112500e-03,1.8112,3.711
2.0137500e-03,-2.7792,3.709
2.0162500e-03,2.3984,3.725
2.0187500e-03,9.7632,3.764
2.0212500e-03,-0.8304,3.738
2.0237500e-03,-5.2608,3.685
2.0262500e-03,6.5216,3.763
2.0287500e-03,4.9888,3.747
2.0312500e-03,-3.2016,3.700
2.0337500e-03,2.4032,3.718
2.0362500e-03,4.4096,3.733
2.0387500e-03,-6.7248,3.692
2.0412500e-03,11.7296,3.778
2.0437500e-03,5.9856,3.791
2.0462500e-03,-9.9472,3.698
2.0487500e-03,2.4512,3.728
2.0512500e-03,9.8224,3.770
2.0537500e-03,-0.5360,3.732
2.0562500e-03,-3.2704,3.704
2.0587500e-03,4.4096,3.731
2.0612500e-03,6.2144,3.753
2.0637500e-03,-2.8016,3.715
2.0662500e-03,8.5584,3.776
2.0687500e-03,-2.6704,3.738
2.0712500e-03,-5.2736,3.695
2.0737500e-03,8.5296,3.776
2.0762500e-03,3.1584,3.755
2.0787500e-03,-3.1888,3.706
2.0812500e-03,2.2032,3.725
2.0837500e-03,6.0800,3.751
2.0862500e-03,-0.7312,3.732
2.0887500e-03,-0.1696,3.724
2.0912500e-03,3.6736,3.741
2.0937500e-03,2.9728,3.743
2.0962500e-03,-0.4640,3.735
2.0987500e-03,0.9344,3.722
2.1012500e-03,2.7968,3.729
2.1037500e-03,3.2784,3.742
2.1062500e-03,-1.4352,3.724
2.1087500e-03,1.8048,3.732
2.1112500e-03,2.4640,3.724
2.1137500e-03,2.8640,3.728
2.1162500e-03,-0.3264,3.725
2.1187500e-03,0.9104,3.730
2.1212500e-03,4.5904,3.746
2.1237500e-03,0.6560,3.730
2.1262500e-03,-0.0192,3.731
2.1287500e-03,1.8704,3.744
2.1312500e-03,3.2816,3.748
2.1337500e-03,0.9760,3.733
2.1362500e-03,1.2896,3.741
2.1387500e-03,0.9792,3.749
2.1412500e-03,3.0304,3.751
2.1437500e-03,1.9792,3.741
2.1462500e-03,1.4224,3.749
2.1487500e-03,-0.1184,3.739
2.1512500e-03,3.4096,3.750
2.1537500e-03,2.4800,3.736
2.1562500e-03,0.9232,3.743
2.1587500e-03,-2.1504,3.731
2.1612500e-03,5.4720,3.760
2.1637500e-03,1.7120,3.753
2.1662500e-03,1.3632,3.734
2.1687500e-03,1.4032,3.757
2.1712500e-03,1.5888,3.741
2.1737500e-03,1.7504,3.742
2.1762500e-03,3.0832,3.758
2.1787500e-03,0.4304,3.745
2.1812500e-03,-0.9040,3.732
2.1837500e-03,3.5296,3.763
2.1862500e-03,4.5440,3.775
2.1887500e-03,-2.0848,3.732
2.1912500e-03,0.8816,3.748
2.1937500e-03,8.6368,3.792
2.1962500e-03,-2.4000,3.753
2.1987500e-03,-2.7536,3.733
2.2012500e-03,4.8320,3.760
2.2037500e-03,4.1008,3.770
2.2062500e-03,-2.5216,3.730
2.2087500e-03,2.4736,3.757
2.2112500e-03,2.9920,3.770
2.2137500e-03,1.5680,3.752
2.2162500e-03,1.2640,3.764
2.2187500e-03,4.8992,3.801
2.2212500e-03,-6.2336,3.721
2.2237500e-03,5.6928,3.772
2.2262500e-03,5.9680,3.791
2.2287500e-03,-1.2640,3.755
2.2312500e-03,-1.8800,3.748
2.2337500e-03,6.2528,3.804
2.2362500e-03,1.9792,3.780
2.2387500e-03,-1.6592,3.758
2.2412500e-03,1.5504,3.781
2.2437500e-03,3.1680,3.805
2.2462500e-03,-5.5136,3.724
2.2487500e-03,12.4992,3.811
2.2512500e-03,1.8944,3.807
2.2537500e-03,-4.7376,3.729
2.2562500e-03,3.3664,3.762
2.2587500e-03,6.5200,3.801
2.2612500e-03,-1.3296,3.759
2.2637500e-03,-1.1104,3.731
2.2662500e-03,4.0560,3.761
2.2687500e-03,-4.1344,3.768
2.2712500e-03,3.4320,3.770
2.2737500e-03,12.0048,3.832
2.2762500e-03,-3.2560,3.755
2.2787500e-03,-3.1904,3.736
2.2812500e-03,6.5968,3.802
2.2837500e-03,2.4112,3.784
2.2862500e-03,-1.1536,3.758
2.2887500e-03,2.4128,3.775
2.2912500e-03,2.9840,3.783
2.2937500e-03,-5.6880,3.742
2.2962500e-03,13.0256,3.817
2.2987500e-03,1.8288,3.797
2.3012500e-03,-7.5840,3.731
2.3037500e-03,3.5712,3.780
2.3062500e-03,8.0192,3.812
2.3087500e-03,0.3344,3.775
2.3112500e-03,-3.3936,3.752
2.3137500e-03,2.8336,3.775
2.3162500e-03,5.8480,3.799
2.3187500e-03,-0.7872,3.761
2.3212500e-03,-0.2608,3.757
2.3237500e-03,2.0992,3.784
2.3262500e-03,3.7040,3.779
2.3287500e-03,1.1280,3.768
2.3312500e-03,1.2752,3.779
2.3337500e-03,0.4112,3.788
2.3362500e-03,3.4528,3.777
2.3387500e-03,1.7984,3.781
2.3412500e-03,1.7664,3.788
2.3437500e-03,1.0208,3.783
2.3462500e-03,0.9536,3.785
2.3487500e-03,2.7824,3.787
2.3512500e-03,2.4464,3.783
2.3537500e-03,-0.6736,3.767
2.3562500e-03,3.6032,3.788
2.3587500e-03,1.1056,3.772
2.3612500e-03,1.7440,3.786
2.3637500e-03,1.2416,3.801
2.3662500e-03,1.2320,3.800
2.3687500e-03,1.6400,3.790
2.3712500e-03,2.4656,3.806
2.3737500e-03,0.6544,3.787
2.3762500e-03,0.8176,3.783
2.3787500e-03,2.6928,3.795
2.3812500e-03,2.6464,3.795
2.3837500e-03,-0.0512,3.784
2.3862500e-03,1.0000,3.791
2.3887500e-03,3.4448,3.790
2.3912500e-03,3.5600,3.784
2.3937500e-03,-2.0832,3.766
2.3962500e-03,-1.7936,3.777
2.3987500e-03,6.8496,3.809
2.4012500e-03,4.8704,3.819
2.4037500e-03,-2.6320,3.773
2.4062500e-03,-2.2208,3.776
2.4087500e-03,7.8512,3.836
2.4112500e-03,1.7344,3.816
2.4137500e-03,-3.1648,3.767
2.4162500e-03,2.3840,3.805
2.4187500e-03,5.2656,3.813
2.4212500e-03,0.3168,3.785
2.4237500e-03,0.5680,3.799
2.4262500e-03,0.4176,3.786
2.4287500e-03,3.7120,3.806
2.4312500e-03,1.2720,3.799
2.4337500e-03,2.0000,3.803
2.4362500e-03,-1.6704,3.789
2.4387500e-03,5.3744,3.818
2.4412500e-03,1.6480,3.814
2.4437500e-03,0.8768,3.791
2.4462500e-03,0.3872,3.810
2.4487500e-03,2.9024,3.813
2.4512500e-03,2.6800,3.813
2.4537500e-03,0.0432,3.797
2.4562500e-03,0.8000,3.795
2.4587500e-03,2.9504,3.812
2.4612500e-03,0.6544,3.791
2.4637500e-03,3.3216,3.825
2.4662500e-03,1.4256,3.816
2.4687500e-03,-0.8384,3.797
2.4712500e-03,3.7152,3.815
2.4737500e-03,4.8400,3.833
2.4762500e-03,-5.2512,3.764
2.4787500e-03,3.6464,3.806
2.4812500e-03,5.8944,3.832
2.4837500e-03,-0.1536,3.799
2.4862500e-03,0.5472,3.795
2.4887500e-03,1.4912,3.822
2.4912500e-03,3.7552,3.823
2.4937500e-03,0.1632,3.809
2.4962500e-03,2.2112,3.823
2.4987500e-03,-0.1664,3.806
2.5012500e-03,-0.3344,3.782
2.5037500e-03,7.9824,3.849
2.5062500e-03,1.9088,3.837
2.5087500e-03,-4.6096,3.777
2.5112500e-03,5.0640,3.825
2.5137500e-03,4.5504,3.839
2.5162500e-03,-1.3776,3.803
2.5187500e-03,-0.7968,3.797
2.5212500e-03,5.7952,3.851
2.5237500e-03,-5.0448,3.795
2.5262500e-03,6.4944,3.817
2.5287500e-03,7.0688,3.865
2.5312500e-03,-3.7936,3.793
2.5337500e-03,0.5472,3.792
2.5362500e-03,5.0528,3.833
2.5387500e-03,1.6400,3.838
2.5412500e-03,-1.3136,3.811
2.5437500e-03,3.4080,3.829
2.5462500e-03,5.0624,3.844
2.5487500e-03,-9.1744,3.764
2.5512500e-03,16.4064,3.861
2.5537500e-03,2.3376,3.836
2.5562500e-03,-11.3280,3.756
2.5587500e-03,4.4128,3.810
2.5612500e-03,9.9568,3.871
2.5637500e-03,-3.3552,3.801
2.5662500e-03,-0.6832,3.793
2.5687500e-03,5.7088,3.832
2.5712500e-03,1.6704,3.835
2.5737500e-03,-0.4048,3.804
2.5762500e-03,8.4080,3.874
2.5787500e-03,-4.6032,3.817
2.5812500e-03,-0.7968,3.810
2.5837500e-03,5.5792,3.861
2.5862500e-03,3.4592,3.851
2.5887500e-03,-2.0112,3.834
2.5912500e-03,0.0592,3.827
2.5937500e-03,6.4496,3.868
2.5962500e-03,-0.4016,3.828
2.5987500e-03,0.5744,3.826
2.6012500e-03,2.5712,3.845
2.6037500e-03,2.7136,3.839
2.6062500e-03,0.6752,3.820
2.6087500e-03,2.5296,3.848
2.6112500e-03,0.0464,3.844
2.6137500e-03,2.6160,3.826
2.6162500e-03,1.6752,3.836
2.6187500e-03,1.5232,3.825
2.6212500e-03,0.2496,3.836
2.6237500e-03,2.7312,3.847
2.6262500e-03,2.3728,3.845
2.6287500e-03,3.0800,3.852
2.6312500e-03,-2.5104,3.823
2.6337500e-03,2.8192,3.828
2.6362500e-03,3.7264,3.840
2.6387500e-03,0.8096,3.828
2.6412500e-03,1.0480,3.829
2.6437500e-03,1.1088,3.835
2.6462500e-03,2.2176,3.848
2.6487500e-03,2.9168,3.851
2.6512500e-03,-9.0800,3.797
2.6537500e-03,10.2784,3.832
2.6562500e-03,12.8320,3.899
2.6587500e-03,-8.3616,3.798
2.6612500e-03,-3.2576,3.796
2.6637500e-03,9.8768,3.870
2.6662500e-03,3.5248,3.867
2.6687500e-03,-4.0464,3.814
2.6712500e-03,2.2816,3.843
2.6737500e-03,3.8640,3.854
2.6762500e-03,2.5488,3.850
2.6787500e-03,-1.7088,3.830
2.6812500e-03,3.1632,3.849
2.6837500e-03,1.6464,3.865
2.6862500e-03,2.0048,3.854
2.6887500e-03,2.3680,3.858
2.6912500e-03,0.2224,3.847
2.6937500e-03,0.1328,3.842
2.6962500e-03,4.4288,3.878
2.6987500e-03,1.1328,3.855
2.7012500e-03,0.9328,3.858
2.7037500e-03,1.2368,3.861
2.7062500e-03,3.4640,3.862
2.7087500e-03,1.0080,3.852
2.7112500e-03,2.3664,3.865
2.7137500e-03,0.4080,3.849
2.7162500e-03,2.0432,3.858
2.7187500e-03,2.1984,3.859
2.7212500e-03,2.1248,3.865
2.7237500e-03,0.6176,3.863
2.7262500e-03,0.2608,3.857
2.7287500e-03,3.0592,3.857
2.7312500e-03,3.3616,3.865
2.7337500e-03,-0.9792,3.853
2.7362500e-03,2.9872,3.864
2.7387500e-03,2.3872,3.867
2.7412500e-03,1.1552,3.862
2.7437500e-03,1.2768,3.866
2.7462500e-03,1.5792,3.867
2.7487500e-03,2.0192,3.866
2.7512500e-03,2.2768,3.875
2.7537500e-03,0.7680,3.876
2.7562500e-03,1.1472,3.878
2.7587500e-03,3.1456,3.876
2.7612500e-03,2.2672,3.876
2.7637500e-03,0.5056,3.863
2.7662500e-03,1.9552,3.868
2.7687500e-03,2.0656,3.868
2.7712500e-03,0.5856,3.850
2.7737500e-03,1.7776,3.868
2.7762500e-03,0.4912,3.864
2.7787500e-03,0.1248,3.861
2.7812500e-03,5.6400,3.876
2.7837500e-03,5.2448,3.895
2.7862500e-03,-5.1344,3.840
2.7887500e-03,1.6944,3.856
2.7912500e-03,7.7968,3.899
2.7937500e-03,-0.4880,3.860
2.7962500e-03,-3.5728,3.847
2.7987500e-03,6.4816,3.885
2.8012500e-03,3.1168,3.880
2.8037500e-03,-2.0400,3.861
2.8062500e-03,4.7120,3.883
2.8087500e-03,1.8496,3.880
2.8112500e-03,-1.4928,3.855
2.8137500e-03,3.4112,3.885
2.8162500e-03,2.4144,3.898
2.8187500e-03,-0.5984,3.862
2.8212500e-03,2.6640,3.878
2.8237500e-03,3.5360,3.892
2.8262500e-03,0.1568,3.882
2.8287500e-03,0.2480,3.866
2.8312500e-03,9.6176,3.907
2.8337500e-03,-5.3744,3.844
2.8362500e-03,-1.5664,3.840
2.8387500e-03,7.9456,3.903
2.8412500e-03,2.9936,3.891
2.8437500e-03,-3.0352,3.845
2.8462500e-03,3.4928,3.877
2.8487500e-03,3.0368,3.900
2.8512500e-03,0.0576,3.877
2.8537500e-03,1.9712,3.873
2.8562500e-03,5.9104,3.888
2.8587500e-03,-11.2160,3.788
2.8612500e-03,11.0624,3.865
2.8637500e-03,8.8976,3.912
2.8662500e-03,-6.0624,3.838
2.8687500e-03,-1.2576,3.853
2.8712500e-03,8.3344,3.908
2.8737500e-03,3.1280,3.896
2.8762500e-03,-3.1824,3.860
2.8787500e-03,1.2240,3.877
2.8812500e-03,1.2448,3.886
2.8837500e-03,-0.8096,3.826
2.8862500e-03,11.9008,3.914
2.8887500e-03,-0.9280,3.876
2.8912500e-03,-3.4704,3.840
2.8937500e-03,4.4736,3.881
2.8962500e-03,6.1184,3.905
2.8987500e-03,-2.3520,3.871
2.9012500e-03,0.1600,3.876
2.9037500e-03,4.8096,3.904
2.9062500e-03,3.2816,3.898
2.9087500e-03,-2.8400,3.876
2.9112500e-03,2.5840,3.876
2.9137500e-03,3.9776,3.903
2.9162500e-03,2.3600,3.902
2.9187500e-03,-2.5600,3.868
2.9212500e-03,3.1152,3.885
2.9237500e-03,4.1792,3.907
2.9262500e-03,0.0960,3.887
2.9287500e-03,1.1744,3.893
2.9312500e-03,2.1584,3.904
2.9337500e-03,2.0064,3.897
2.9362500e-03,2.0624,3.896
2.9387500e-03,1.1552,3.910
2.9412500e-03,0.7488,3.900
2.9437500e-03,2.8688,3.907
2.9462500e-03,2.2688,3.909
2.9487500e-03,1.2464,3.906
2.9512500e-03,0.2032,3.904
2.9537500e-03,3.3152,3.915
2.9562500e-03,2.3648,3.904
2.9587500e-03,2.0880,3.906
2.9612500e-03,-2.3488,3.884
2.9637500e-03,4.9872,3.908
2.9662500e-03,2.0272,3.905
2.9687500e-03,0.3136,3.904
2.9712500e-03,-0.3360,3.899
2.9737500e-03,3.8784,3.902
2.9762500e-03,2.6368,3.913
2.9787500e-03,0.8288,3.902
2.9812500e-03,-0.4368,3.908
2.9837500e-03,3.2448,3.908
2.9862500e-03,3.0944,3.914
2.9887500e-03,1.1424,3.911
2.9912500e-03,-1.0592,3.896
2.9937500e-03,3.4720,3.915
2.9962500e-03,3.9808,3.916
2.9987500e-03,0.9936,3.911
3.0012500e-03,-2.3184,3.890
3.0037500e-03,3.4528,3.907
3.0062500e-03,5.3856,3.923
3.0087500e-03,-4.6240,3.889
3.0112500e-03,2.3648,3.888
3.0137500e-03,8.1280,3.936
3.0162500e-03,-0.5504,3.902
3.0187500e-03,-0.2512,3.903
3.0212500e-03,2.6960,3.911
3.0237500e-03,1.7328,3.915
3.0262500e-03,0.8192,3.899
3.0287500e-03,2.4448,3.913
3.0312500e-03,2.1360,3.912
3.0337500e-03,-5.7392,3.876
3.0362500e-03,11.4880,3.909
3.0387500e-03,5.1872,3.920
3.0412500e-03,-6.9952,3.869
3.0437500e-03,0.5648,3.888
3.0462500e-03,8.8352,3.940
3.0487500e-03,0.1760,3.907
3.0512500e-03,-2.1664,3.894
3.0537500e-03,4.0896,3.930
3.0562500e-03,2.7968,3.929
3.0587500e-03,-2.6192,3.907
3.0612500e-03,16.5120,3.926
3.0637500e-03,-8.9136,3.836
3.0662500e-03,-5.0400,3.835
3.0687500e-03,9.2992,3.912
3.0712500e-03,5.6400,3.926
3.0737500e-03,-6.5872,3.884
3.0762500e-03,3.3072,3.901
3.0787500e-03,6.4016,3.937
3.0812500e-03,0.4768,3.913
3.0837500e-03,-2.2352,3.898
3.0862500e-03,9.6784,3.933
3.0887500e-03,-6.1040,3.867
3.0912500e-03,1.9856,3.902
3.0937500e-03,6.4400,3.944
3.0962500e-03,-0.3824,3.905
3.0987500e-03,-0.6768,3.902
3.1012500e-03,3.8864,3.918
3.1037500e-03,1.2480,3.922
3.1062500e-03,-0.7312,3.906
3.1087500e-03,3.9040,3.924
3.1112500e-03,2.0992,3.920
3.1137500e-03,1.6688,3.920
3.1162500e-03,1.2160,3.931
3.1187500e-03,1.5376,3.924
3.1212500e-03,2.9136,3.929
3.1237500e-03,1.5936,3.931
3.1262500e-03,-0.4864,3.919
3.1287500e-03,2.8272,3.917
3.1312500e-03,2.6832,3.923
3.1337500e-03,1.3136,3.926
3.1362500e-03,-0.5200,3.906
3.1387500e-03,3.8288,3.925
3.1412500e-03,2.5360,3.917
3.1437500e-03,1.1808,3.923
3.1462500e-03,-0.2480,3.925
3.1487500e-03,3.0992,3.905
3.1512500e-03,3.1472,3.922
3.1537500e-03,-0.3440,3.905
3.1562500e-03,0.2336,3.917
3.1587500e-03,3.1904,3.940
3.1612500e-03,1.2512,3.918
3.1637500e-03,3.0352,3.937
3.1662500e-03,-0.3040,3.922
3.1687500e-03,2.1328,3.920
3.1712500e-03,3.2688,3.931
3.1737500e-03,2.9360,3.931
3.1762500e-03,-2.9520,3.917
3.1787500e-03,2.6912,3.924
3.1812500e-03,5.2656,3.943
3.1837500e-03,-0.5024,3.908
3.1862500e-03,-0.6544,3.924
3.1887500e-03,3.7536,3.934
3.1912500e-03,2.7248,3.925
3.1937500e-03,1.4640,3.923
3.1962500e-03,-0.9744,3.918
3.1987500e-03,4.2272,3.942
3.2012500e-03,0.3136,3.922
3.2037500e-03,2.3520,3.922
3.2062500e-03,2.6144,3.938
3.2087500e-03,-1.4928,3.919
3.2112500e-03,3.3232,3.927
3.2137500e-03,9.0288,3.932
3.2162500e-03,-10.1424,3.854
3.2187500e-03,2.0464,3.878
3.2212500e-03,11.0896,3.946
3.2237500e-03,-0.5232,3.919
3.2262500e-03,-3.6480,3.895
3.2287500e-03,4.0720,3.938
3.2312500e-03,4.4080,3.949
3.2337500e-03,-1.6416,3.916
3.2362500e-03,1.9344,3.929
3.2387500e-03,1.4976,3.920
3.2412500e-03,-4.8832,3.849
3.2437500e-03,10.0032,3.913
3.2462500e-03,7.0848,3.941
3.2487500e-03,-6.5472,3.891
3.2512500e-03,0.6560,3.908
3.2537500e-03,7.9104,3.952
3.2562500e-03,1.7248,3.937
3.2587500e-03,-3.8704,3.910
3.2612500e-03,3.1344,3.941
3.2637500e-03,-5.9168,3.914
3.2662500e-03,5.6816,3.852
3.2687500e-03,15.2880,3.949
3.2712500e-03,-4.6480,3.874
3.2737500e-03,-6.0064,3.883
3.2762500e-03,8.9728,3.932
3.2787500e-03,5.1616,3.956
3.2812500e-03,-3.6944,3.910
3.2837500e-03,0.6480,3.920
3.2862500e-03,5.4800,3.943
3.2887500e-03,1.4640,3.944
3.2912500e-03,-1.2976,3.923
3.2937500e-03,1.6672,3.924
3.2962500e-03,4.3920,3.946
3.2987500e-03,1.1968,3.946
3.3012500e-03,-0.6544,3.936
3.3037500e-03,2.8368,3.940
3.3062500e-03,3.6576,3.961
3.3087500e-03,0.8560,3.952
3.3112500e-03,-0.7872,3.941
3.3137500e-03,3.3472,3.947
3.3162500e-03,2.9312,3.951
3.3187500e-03,0.7376,3.945
3.3212500e-03,-0.6048,3.936
3.3237500e-03,3.9840,3.951
3.3262500e-03,2.4208,3.947
3.3287500e-03,0.9856,3.940
3.3312500e-03,-0.5088,3.938
3.3337500e-03,4.0304,3.955
3.3362500e-03,2.3184,3.939
3.3387500e-03,0.9328,3.940
3.3412500e-03,-0.4016,3.932
3.3437500e-03,3.3088,3.946
3.3462500e-03,2.2480,3.951
3.3487500e-03,1.5200,3.948
3.3512500e-03,-0.0624,3.940
3.3537500e-03,3.0560,3.950
3.3562500e-03,2.2416,3.954
3.3587500e-03,1.7488,3.951
3.3612500e-03,0.0432,3.947
3.3637500e-03,2.1568,3.952
3.3662500e-03,1.2768,3.933
3.3687500e-03,-3.6912,3.885
3.3712500e-03,9.3216,3.947
3.3737500e-03,4.2160,3.945
3.3762500e-03,-4.4128,3.921
3.3787500e-03,2.1664,3.932
3.3812500e-03,5.2384,3.955
3.3837500e-03,-0.0032,3.945
3.3862500e-03,0.3168,3.940
3.3887500e-03,3.3712,3.955
3.3912500e-03,-8.7088,3.914
3.3937500e-03,7.2768,3.864
3.3962500e-03,16.8128,3.950
3.3987500e-03,-5.7680,3.881
3.4012500e-03,-6.9888,3.878
3.4037500e-03,8.0352,3.932
3.4062500e-03,7.1184,3.956
3.4087500e-03,-3.1184,3.925
3.4112500e-03,-0.6880,3.928
3.4137500e-03,4.1232,3.952
3.4162500e-03,3.6656,3.962
3.4187500e-03,-0.6656,3.938
3.4212500e-03,1.3424,3.950
3.4237500e-03,0.5376,3.955
3.4262500e-03,3.0368,3.953
3.4287500e-03,2.0128,3.955
3.4312500e-03,0.8928,3.954
3.4337500e-03,0.1088,3.951
3.4362500e-03,3.6048,3.958
3.4387500e-03,1.9216,3.963
3.4412500e-03,1.3824,3.955
3.4437500e-03,0.1504,3.955
3.4462500e-03,2.9840,3.954
3.4487500e-03,1.9888,3.957
3.4512500e-03,1.3840,3.949
3.4537500e-03,0.1856,3.953
3.4562500e-03,2.0160,3.960
3.4587500e-03,2.4864,3.957
3.4612500e-03,2.0784,3.957
3.4637500e-03,0.2992,3.949
3.4662500e-03,1.6656,3.954
3.4687500e-03,2.4064,3.957
3.4712500e-03,1.9568,3.960
3.4737500e-03,0.2784,3.956
3.4762500e-03,1.2640,3.957
3.4787500e-03,3.0512,3.961
3.4812500e-03,2.2320,3.951
3.4837500e-03,0.9424,3.966
3.4862500e-03,0.6336,3.961
3.4887500e-03,1.9728,3.956
3.4912500e-03,3.0144,3.970
3.4937500e-03,1.9248,3.969
3.4962500e-03,-0.9632,3.954
3.4987500e-03,2.7136,3.956
